name,chord_pitches_consolidated,roman_interval_list,ext_list,maj_min_list
Fmaj7,"['F', 'A', 'C', 'E']",['IV'],['7'],['M']
B-m11/F,"['F', 'A-', 'B-', 'C', 'C#', 'E-']",['vii'],['11'],['m']
E/o7,"['E', 'G', 'B-', 'D']",['iii'],['7'],['m']
Eo7,"['E', 'G', 'B-', 'C#']",['iii'],['7'],['m']
Dm9,"['D', 'F', 'A', 'C', 'E']",['ii'],['9'],['m']
A7add#9addb13,"['A', 'C#', 'E', 'G', 'C', 'F']",['VI'],"['7', '9', '13']",['M']
Dm11,"['D', 'F', 'A', 'C', 'E', 'G']",['ii'],['11'],['m']
G13,"['G', 'B', 'D', 'F', 'A', 'C', 'E']",['V'],['13'],['M']
B-maj7/C,"['C', 'B-', 'D', 'F', 'A']",['VII'],['7'],['M']
A-,"['A-', 'C', 'E-']",['VI'],[],['M']
G-,"['F#', 'B-', 'C#']",['V'],[],['M']
A7add#9,"['A', 'C#', 'E', 'G', 'C']",['VI'],"['7', '9']",['M']
B-add2,"['B-', 'C', 'D', 'F']",['VII'],[],['M']
E-9,"['E-', 'G', 'B-', 'C#', 'F']",['III'],['9'],['M']
Fmaj7/C,"['C', 'E', 'F', 'A']",['IV'],['7'],['M']
B-m11/D-,"['C#', 'E-', 'F', 'A-', 'B-', 'C']",['vii'],['11'],['m']
G9,"['G', 'B', 'D', 'F', 'A']",['V'],['9'],['M']
A-/G-,"['F#', 'A-', 'C', 'E-']",['VI'],[],['M']
C,"['C', 'E', 'G']",['I'],[],['M']
C#dim,"['C#', 'E', 'G']",['i'],['dim'],['m']
Dm,"['D', 'F', 'A']",['ii'],[],['m']
Dm7,"['D', 'F', 'A', 'C']",['ii'],['7'],['m']
G7,"['G', 'B', 'D', 'F']",['V'],['7'],['M']
Cmaj7,"['C', 'E', 'G', 'B']",['I'],['7'],['M']
C/E,"['E', 'G', 'C']",['I'],[],['M']
E-dim,"['E-', 'F#', 'A']",['iii'],['dim'],['m']
D7,"['D', 'F#', 'A', 'C']",['II'],['7'],['M']
Am7,"['A', 'C', 'E', 'G']",['vi'],['7'],['m']
Dm7/G,"['G', 'D', 'F', 'A', 'C']",['ii'],['7'],['m']
A7addb9,"['A', 'C#', 'E', 'G', 'B-']",['VI'],"['7', '9']",['M']
G7addb9,"['G', 'B', 'D', 'F', 'A-']",['V'],"['7', '9']",['M']
C9,"['C', 'E', 'G', 'B-', 'D']",['I'],['9'],['M']
Am,"['A', 'C', 'E']",['vi'],[],['m']
AmM7add9,"['A', 'C', 'E', 'A-', 'B']",['vi'],"['7', '9']",['m']
Am6,"['A', 'C', 'E', 'F#']",['vi'],['6'],['m']
Em,"['E', 'G', 'B']",['iii'],[],['m']
B7+,"['B', 'E-', 'G', 'A']",['VII'],['7'],['M']
Em7,"['E', 'G', 'B', 'D']",['iii'],['7'],['m']
E7,"['E', 'A-', 'B', 'D']",['III'],['7'],['M']
Dm/F,"['F', 'A', 'D']",['ii'],[],['m']
F/A,"['A', 'C', 'F']",['IV'],[],['M']
Fm,"['F', 'A-', 'C']",['iv'],[],['m']
C+,"['C', 'E', 'A-']",['I'],[],['M']
Fm7,"['F', 'A-', 'C', 'E-']",['iv'],['7'],['m']
B-7,"['B-', 'D', 'F', 'A-']",['VII'],['7'],['M']
E-,"['E-', 'G', 'B-']",['III'],[],['M']
Gm7,"['G', 'B-', 'D', 'F']",['v'],['7'],['m']
G#m,"['A-', 'B', 'E-']",['v'],[],['m']
F#m7,"['F#', 'A', 'C#', 'E']",['iv'],['7'],['m']
C#7alterb5,"['C#', 'F', 'A-', 'B']",['I'],['7'],['M']
C7,"['C', 'E', 'G', 'B-']",['I'],['7'],['M']
Bm7,"['B', 'D', 'F#', 'A']",['vii'],['7'],['m']
F#/G,"['G', 'F#', 'B-', 'C#']",['IV'],[],['M']
G#m7,"['A-', 'B', 'E-', 'F#']",['v'],['7'],['m']
Cm,"['C', 'E-', 'G']",['i'],[],['m']
B-,"['B-', 'D', 'F']",['VII'],[],['M']
Cdim,"['C', 'E-', 'F#']",['i'],['dim'],['m']
D-,"['C#', 'F', 'A-']",['II'],[],['M']
Am/G,"['G', 'A', 'C', 'E']",['vi'],[],['m']
F,"['F', 'A', 'C']",['IV'],[],['M']
G/B,"['B', 'D', 'G']",['V'],[],['M']
D,"['D', 'F#', 'A']",['II'],[],['M']
E11,"['E', 'A-', 'B', 'D', 'F#', 'A']",['III'],['11'],['M']
G,"['G', 'B', 'D']",['V'],[],['M']
Am/E,"['E', 'A', 'C']",['vi'],[],['m']
C/G,"['G', 'C', 'E']",['I'],[],['M']
D/F#,"['F#', 'A', 'D']",['II'],[],['M']
B-/F,"['F', 'B-', 'D']",['VII'],[],['M']
A7,"['A', 'C#', 'E', 'G']",['VI'],['7'],['M']
A7/E,"['E', 'G', 'A', 'C#']",['VI'],['7'],['M']
B-/C,"['C', 'B-', 'D', 'F']",['VII'],[],['M']
B-M9,"['B-', 'D', 'F', 'A', 'C']",['VII'],['9'],['M']
B-6,"['B-', 'D', 'F', 'G']",['VII'],['6'],['M']
Cm7,"['C', 'E-', 'G', 'B-']",['i'],['7'],['m']
B-maj7,"['B-', 'D', 'F', 'A']",['VII'],['7'],['M']
E-7,"['E-', 'G', 'B-', 'C#']",['III'],['7'],['M']
CM9,"['C', 'E', 'G', 'B', 'D']",['I'],['9'],['M']
E7add#9,"['E', 'A-', 'B', 'D', 'G']",['III'],"['7', '9']",['M']
B-9,"['B-', 'D', 'F', 'A-', 'C']",['VII'],['9'],['M']
B/o7,"['B', 'D', 'F', 'A']",['vii'],['7'],['m']
A13,"['A', 'C#', 'E', 'G', 'B', 'D', 'F#']",['VI'],['13'],['M']
Am/G#,"['A-', 'A', 'C', 'E']",['vi'],[],['m']
F#/o7,"['F#', 'A', 'C', 'E']",['iv'],['7'],['m']
D7alter#5addb9,"['D', 'F#', 'A', 'C', 'E-']",['II'],"['7', '9']",['M']
G9alter#3,"['G', 'B', 'D', 'F', 'A']",['V'],['9'],['M']
F9,"['F', 'A', 'C', 'E-', 'G']",['IV'],['9'],['M']
B7,"['B', 'E-', 'F#', 'A']",['VII'],['7'],['M']
Emaj7/G#,"['A-', 'B', 'E-', 'E']",['III'],['7'],['M']
Gdim,"['G', 'B-', 'C#']",['v'],['dim'],['m']
Emaj7/B,"['B', 'E-', 'E', 'A-']",['III'],['7'],['M']
E6,"['E', 'A-', 'B', 'C#']",['III'],['6'],['M']
Gmaj7,"['G', 'B', 'D', 'F#']",['V'],['7'],['M']
G#dim,"['A-', 'B', 'D']",['v'],['dim'],['m']
A,"['A', 'C#', 'E']",['VI'],[],['M']
B-13,"['B-', 'D', 'F', 'A-', 'C', 'E-', 'G']",['VII'],['13'],['M']
E9,"['E', 'A-', 'B', 'D', 'F#']",['III'],['9'],['M']
E-6add9,"['E-', 'G', 'B-', 'C', 'F']",['III'],"['6', '9']",['M']
C6add9,"['C', 'E', 'G', 'A', 'D']",['I'],"['6', '9']",['M']
Am/F#,"['F#', 'A', 'C', 'E']",['vi'],[],['m']
D-7add#9,"['C#', 'F', 'A-', 'B', 'E']",['II'],"['7', '9']",['M']
CM13,"['C', 'E', 'G', 'B', 'D', 'F', 'A']",['I'],['13'],['M']
D9,"['D', 'F#', 'A', 'C', 'E']",['II'],['9'],['M']
D7add#9,"['D', 'F#', 'A', 'C', 'F']",['II'],"['7', '9']",['M']
D-9,"['C#', 'F', 'A-', 'B', 'E-']",['II'],['9'],['M']
F13,"['F', 'A', 'C', 'E-', 'G', 'B-', 'D']",['IV'],['13'],['M']
Cm9,"['C', 'E-', 'G', 'B-', 'D']",['i'],['9'],['m']
B-m7,"['B-', 'C#', 'F', 'A-']",['vii'],['7'],['m']
D-7,"['C#', 'F', 'A-', 'B']",['II'],['7'],['M']
A/o7,"['A', 'C', 'E-', 'G']",['vi'],['7'],['m']
C7addb9,"['C', 'E', 'G', 'B-', 'C#']",['I'],"['7', '9']",['M']
Gsus,"['G', 'C', 'D']",['v'],['sus'],['m']
F#dim,"['F#', 'A', 'C']",['iv'],['dim'],['m']
F7,"['F', 'A', 'C', 'E-']",['IV'],['7'],['M']
C/B,"['B', 'C', 'E', 'G']",['I'],[],['M']
D#,"['E-', 'G', 'B-']",['II'],[],['M']
A+/C#,"['C#', 'F', 'A']",['VI'],[],['M']
Dm/C,"['C', 'D', 'F', 'A']",['ii'],[],['m']
F/C,"['C', 'F', 'A']",['IV'],[],['M']
G7/D,"['D', 'F', 'G', 'B']",['V'],['7'],['M']
Apower,"['A', 'E']",['vi'],[],['m']
C/B-,"['B-', 'C', 'E', 'G']",['I'],[],['M']
Fm/A-,"['A-', 'C', 'F']",['iv'],[],['m']
A-dim,"['A-', 'B', 'D']",['vi'],['dim'],['m']
B-dim,"['B-', 'C#', 'E']",['vii'],['dim'],['m']
D-/o7,"['C#', 'E', 'G', 'B']",['ii'],['7'],['m']
C7/G,"['G', 'B-', 'C', 'E']",['I'],['7'],['M']
D/o7,"['D', 'F', 'A-', 'C']",['ii'],['7'],['m']
C7/E,"['E', 'G', 'B-', 'C']",['I'],['7'],['M']
E,"['E', 'A-', 'B']",['III'],[],['M']
Fm6,"['F', 'A-', 'C', 'D']",['iv'],['6'],['m']
E+,"['E', 'A-', 'C']",['III'],[],['M']
F6add9,"['F', 'A', 'C', 'D', 'G']",['IV'],"['6', '9']",['M']
B-6add9,"['B-', 'D', 'F', 'G', 'C']",['VII'],"['6', '9']",['M']
Am9,"['A', 'C', 'E', 'G', 'B']",['vi'],['9'],['m']
B-m9,"['B-', 'C#', 'F', 'A-', 'C']",['vii'],['9'],['m']
A-M9,"['A-', 'C', 'E-', 'G', 'B-']",['VI'],['9'],['M']
Gm11,"['G', 'B-', 'D', 'F', 'A', 'C']",['v'],['11'],['m']
D7alter#5,"['D', 'F#', 'A', 'C']",['II'],['7'],['M']
B-m6,"['B-', 'C#', 'F', 'G']",['vii'],['6'],['m']
G/o7,"['G', 'B-', 'C#', 'F']",['v'],['7'],['m']
B-m,"['B-', 'C#', 'F']",['vii'],[],['m']
Bdim,"['B', 'D', 'F']",['vii'],['dim'],['m']
C9alter#3,"['C', 'E', 'G', 'B-', 'D']",['I'],['9'],['M']
E-9add#11,"['E-', 'G', 'B-', 'C#', 'F', 'A']",['III'],"['9', '11']",['M']
G-7add#9,"['F#', 'B-', 'C#', 'E', 'A']",['V'],"['7', '9']",['M']
G-7,"['F#', 'B-', 'C#', 'E']",['V'],['7'],['M']
D-6,"['C#', 'F', 'A-', 'B-']",['II'],['6'],['M']
B-m/F,"['F', 'B-', 'C#']",['vii'],[],['m']
B-m6/F,"['F', 'G', 'B-', 'C#']",['vii'],['6'],['m']
C13,"['C', 'E', 'G', 'B-', 'D', 'F', 'A']",['I'],['13'],['M']
F9add#11,"['F', 'A', 'C', 'E-', 'G', 'B']",['IV'],"['9', '11']",['M']
E7alter#5,"['E', 'A-', 'B', 'D']",['III'],['7'],['M']
A9,"['A', 'C#', 'E', 'G', 'B']",['VI'],['9'],['M']
B7addb9,"['B', 'E-', 'F#', 'A', 'C']",['VII'],"['7', '9']",['M']
F#9,"['F#', 'B-', 'C#', 'E', 'A-']",['IV'],['9'],['M']
D13,"['D', 'F#', 'A', 'C', 'E', 'G', 'B']",['II'],['13'],['M']
B9,"['B', 'E-', 'F#', 'A', 'C#']",['VII'],['9'],['M']
C#maj7,"['C#', 'F', 'A-', 'C']",['I'],['7'],['M']
G+,"['G', 'B', 'E-']",['V'],[],['M']
G-sus,"['F#', 'B', 'C#']",['v'],['sus'],['m']
A7alter#3,"['A', 'C#', 'E', 'G']",['VI'],['7'],['M']
C-7alter#3,"['B', 'E-', 'F#', 'A']",['I'],['7'],['M']
F-7,"['E', 'A-', 'B', 'D']",['IV'],['7'],['M']
C-7,"['B', 'E-', 'F#', 'A']",['I'],['7'],['M']
FmM7,"['F', 'A-', 'C', 'E']",['iv'],['7'],['m']
E13,"['E', 'A-', 'B', 'D', 'F#', 'A', 'C#']",['III'],['13'],['M']
A-M13,"['A-', 'C', 'E-', 'G', 'B-', 'C#', 'F']",['VI'],['13'],['M']
Cm/B-,"['B-', 'C', 'E-', 'G']",['i'],[],['m']
D/o7/A-,"['A-', 'C', 'D', 'F']",['ii'],['7'],['m']
C9/F#,"['F#', 'C', 'E', 'G', 'B-', 'D']",['I'],['9'],['M']
A-7,"['A-', 'C', 'E-', 'F#']",['VI'],['7'],['M']
D#6,"['E-', 'G', 'B-', 'C']",['II'],['6'],['M']
A#m7,"['B-', 'C#', 'F', 'A-']",['vi'],['7'],['m']
F#maj7,"['F#', 'B-', 'C#', 'F']",['IV'],['7'],['M']
Gm9,"['G', 'B-', 'D', 'F', 'A']",['v'],['9'],['m']
G#m9,"['A-', 'B', 'E-', 'F#', 'B-']",['v'],['9'],['m']
F#M9,"['F#', 'B-', 'C#', 'F', 'A-']",['IV'],['9'],['M']
D#m7,"['E-', 'F#', 'B-', 'C#']",['ii'],['7'],['m']
F#6,"['F#', 'B-', 'C#', 'E-']",['IV'],['6'],['M']
Cm6,"['C', 'E-', 'G', 'A']",['i'],['6'],['m']
F#m6,"['F#', 'A', 'C#', 'E-']",['iv'],['6'],['m']
D+,"['D', 'F#', 'B-']",['II'],[],['M']
D/o7/F,"['F', 'A-', 'C', 'D']",['ii'],['7'],['m']
F+,"['F', 'A', 'C#']",['IV'],[],['M']
B13,"['B', 'E-', 'F#', 'A', 'C#', 'E', 'A-']",['VII'],['13'],['M']
Gm,"['G', 'B-', 'D']",['v'],[],['m']
F/o7,"['F', 'A-', 'B', 'E-']",['iv'],['7'],['m']
D7addb9,"['D', 'F#', 'A', 'C', 'E-']",['II'],"['7', '9']",['M']
Adim,"['A', 'C', 'E-']",['vi'],['dim'],['m']
A-maj7,"['A-', 'C', 'E-', 'G']",['VI'],['7'],['M']
Fm/E-,"['E-', 'F', 'A-', 'C']",['iv'],[],['m']
F#m,"['F#', 'A', 'C#']",['iv'],[],['m']
E-m,"['E-', 'F#', 'B-']",['iii'],[],['m']
Esus,"['E', 'A', 'B']",['iii'],['sus'],['m']
Dsus,"['D', 'G', 'A']",['ii'],['sus'],['m']
Em6/B,"['B', 'C#', 'E', 'G']",['iii'],['6'],['m']
A/C#,"['C#', 'E', 'A']",['VI'],[],['M']
F#m/C#,"['C#', 'F#', 'A']",['iv'],[],['m']
D7/F#,"['F#', 'A', 'C', 'D']",['II'],['7'],['M']
D-maj7,"['C#', 'F', 'A-', 'C']",['II'],['7'],['M']
E-maj7,"['E-', 'G', 'B-', 'D']",['III'],['7'],['M']
F#,"['F#', 'B-', 'C#']",['IV'],[],['M']
AmM7/D,"['D', 'A', 'C', 'E', 'A-']",['vi'],['7'],['m']
C#m7/F#,"['F#', 'C#', 'E', 'A-', 'B']",['i'],['7'],['m']
Dm/G,"['G', 'D', 'F', 'A']",['ii'],[],['m']
C#m7,"['C#', 'E', 'A-', 'B']",['i'],['7'],['m']
Em7/A,"['A', 'E', 'G', 'B', 'D']",['iii'],['7'],['m']
Am6/B,"['B', 'A', 'C', 'E', 'F#']",['vi'],['6'],['m']
D#7alter#3,"['E-', 'G', 'B-', 'C#']",['II'],['7'],['M']
Amaj7,"['A', 'C#', 'E', 'A-']",['VI'],['7'],['M']
Dm6/B,"['B', 'D', 'F', 'A', 'B']",['ii'],['6'],['m']
Gpower,"['G', 'D']",['v'],[],['m']
Fm/C,"['C', 'F', 'A-']",['iv'],[],['m']
G7/B,"['B', 'D', 'F', 'G']",['V'],['7'],['M']
E-7addb9,"['E-', 'G', 'B-', 'C#', 'E']",['III'],"['7', '9']",['M']
A-6,"['A-', 'C', 'E-', 'F']",['VI'],['6'],['M']
Bmaj7,"['B', 'E-', 'F#', 'B-']",['VII'],['7'],['M']
B,"['B', 'E-', 'F#']",['VII'],[],['M']
G#7,"['A-', 'C', 'E-', 'F#']",['V'],['7'],['M']
Cmaj7/G,"['G', 'B', 'C', 'E']",['I'],['7'],['M']
Cmaj7/E,"['E', 'G', 'B', 'C']",['I'],['7'],['M']
Emaj7,"['E', 'A-', 'B', 'E-']",['III'],['7'],['M']
A-m7,"['A-', 'B', 'E-', 'F#']",['vi'],['7'],['m']
A-13,"['A-', 'C', 'E-', 'F#', 'B-', 'C#', 'F']",['VI'],['13'],['M']
E-m7,"['E-', 'F#', 'B-', 'C#']",['iii'],['7'],['m']
E-13,"['E-', 'G', 'B-', 'C#', 'F', 'A-', 'C']",['III'],['13'],['M']
A-9,"['A-', 'C', 'E-', 'F#', 'B-']",['VI'],['9'],['M']
C#+,"['C#', 'F', 'A']",['I'],[],['M']
G9/D,"['D', 'F', 'A', 'G', 'B']",['V'],['9'],['M']
A9/E,"['E', 'G', 'A', 'B', 'C#']",['VI'],['9'],['M']
Gm7/C,"['C', 'G', 'B-', 'D', 'F']",['v'],['7'],['m']
G#maj7,"['A-', 'C', 'E-', 'G']",['V'],['7'],['M']
B9add#11,"['B', 'E-', 'F#', 'A', 'C#', 'F']",['VII'],"['9', '11']",['M']
E-13alter#3,"['E-', 'G', 'B-', 'C#', 'F', 'A-', 'C']",['III'],['13'],['M']
F#7alter#5add#9,"['F#', 'B-', 'C#', 'E', 'A']",['IV'],"['7', '9']",['M']
F#7addb9,"['F#', 'B-', 'C#', 'E', 'G']",['IV'],"['7', '9']",['M']
F7alter#5,"['F', 'A', 'C', 'E-']",['IV'],['7'],['M']
E7addb9,"['E', 'A-', 'B', 'D', 'F']",['III'],"['7', '9']",['M']
C#9,"['C#', 'F', 'A-', 'B', 'E-']",['I'],['9'],['M']
Gmalter#5,"['G', 'B-', 'D']",['v'],[],['m']
Gm6,"['G', 'B-', 'D', 'E']",['v'],['6'],['m']
C6/G,"['G', 'A', 'C', 'E']",['I'],['6'],['M']
B-+,"['B-', 'D', 'F#']",['VII'],[],['M']
C#7,"['C#', 'F', 'A-', 'B']",['I'],['7'],['M']
E-7/F,"['F', 'E-', 'G', 'B-', 'C#']",['III'],['7'],['M']
B-maj7/F,"['F', 'A', 'B-', 'D']",['VII'],['7'],['M']
E/o7/A,"['A', 'E', 'G', 'B-', 'D']",['iii'],['7'],['m']
E-13/D-,"['C#', 'F', 'A-', 'C', 'E-', 'G', 'B-']",['III'],['13'],['M']
F6/Cadd9,"['C', 'D', 'F', 'G', 'A']",['IV'],"['6', '9']",['M']
CmM7,"['C', 'E-', 'G', 'B']",['i'],['7'],['m']
F#9add#11,"['F#', 'B-', 'C#', 'E', 'A-', 'C']",['IV'],"['9', '11']",['M']
Gm9/C,"['C', 'G', 'B-', 'D', 'F', 'A']",['v'],['9'],['m']
A-6add9,"['A-', 'C', 'E-', 'F', 'B-']",['VI'],"['6', '9']",['M']
F#6add9,"['F#', 'B-', 'C#', 'E-', 'A-']",['IV'],"['6', '9']",['M']
B-mM7,"['B-', 'C#', 'F', 'A']",['vii'],['7'],['m']
Am11,"['A', 'C', 'E', 'G', 'B', 'D']",['vi'],['11'],['m']
B-9add#11,"['B-', 'D', 'F', 'A-', 'C', 'E']",['VII'],"['9', '11']",['M']
G7alterb5,"['G', 'B', 'D', 'F']",['V'],['7'],['M']
A+,"['A', 'C#', 'F']",['VI'],[],['M']
Dadd9,"['D', 'F#', 'A', 'E']",['II'],['9'],['M']
Em/G,"['G', 'B', 'E']",['iii'],[],['m']
F#7,"['F#', 'B-', 'C#', 'E']",['IV'],['7'],['M']
F#7/A#,"['B-', 'C#', 'E', 'F#']",['IV'],['7'],['M']
Bm,"['B', 'D', 'F#']",['vii'],[],['m']
Bm/A,"['A', 'B', 'D', 'F#']",['vii'],[],['m']
A7/C#,"['C#', 'E', 'G', 'A']",['VI'],['7'],['M']
G/A,"['A', 'G', 'B', 'D']",['V'],[],['M']
A#dim,"['B-', 'C#', 'E']",['vi'],['dim'],['m']
B-/D,"['D', 'F', 'B-']",['VII'],[],['M']
Gm/B-,"['B-', 'D', 'G']",['v'],[],['m']
F7/C,"['C', 'E-', 'F', 'A']",['IV'],['7'],['M']
B-add9,"['B-', 'D', 'F', 'C']",['VII'],['9'],['M']
F7/B,"['B', 'F', 'A', 'C', 'E-']",['IV'],['7'],['M']
F/B,"['B', 'F', 'A', 'C']",['IV'],[],['M']
Fm9,"['F', 'A-', 'C', 'E-', 'G']",['iv'],['9'],['m']
Fm6/G#,"['A-', 'F', 'A-', 'C', 'D']",['iv'],['6'],['m']
E7/B,"['B', 'D', 'E', 'A-']",['III'],['7'],['M']
E#m7,"['F', 'A-', 'C', 'E-']",['iii'],['7'],['m']
A#7,"['B-', 'D', 'F', 'A-']",['VI'],['7'],['M']
G#,"['A-', 'C', 'E-']",['V'],[],['M']
Cm/G,"['G', 'C', 'E-']",['i'],[],['m']
E6add9,"['E', 'A-', 'B', 'C#', 'F#']",['III'],"['6', '9']",['M']
D-m,"['C#', 'E', 'A-']",['ii'],[],['m']
G-m,"['F#', 'A', 'C#']",['v'],[],['m']
C-sus,"['B', 'E', 'F#']",['i'],['sus'],['m']
C-m,"['B', 'D', 'F#']",['i'],[],['m']
Fdim,"['F', 'A-', 'B']",['iv'],['dim'],['m']
G-dim,"['F#', 'A', 'C']",['v'],['dim'],['m']
C-dim,"['B', 'D', 'F']",['i'],['dim'],['m']
B-7addb9,"['B-', 'D', 'F', 'A-', 'B']",['VII'],"['7', '9']",['M']
F7addb9,"['F', 'A', 'C', 'E-', 'F#']",['IV'],"['7', '9']",['M']
Cm/E-,"['E-', 'G', 'C']",['i'],[],['m']
G/D,"['D', 'G', 'B']",['V'],[],['M']
E#7,"['F', 'A', 'C', 'E-']",['III'],['7'],['M']
C7add#11,"['C', 'E', 'G', 'B-', 'F#']",['I'],"['7', '11']",['M']
Gm7/F,"['F', 'G', 'B-', 'D']",['v'],['7'],['m']
E-6,"['E-', 'G', 'B-', 'C']",['III'],['6'],['M']
Dmaj7,"['D', 'F#', 'A', 'C#']",['II'],['7'],['M']
Bm9,"['B', 'D', 'F#', 'A', 'C#']",['vii'],['9'],['m']
E-m9,"['E-', 'F#', 'B-', 'C#', 'F']",['iii'],['9'],['m']
D-+,"['C#', 'F', 'A']",['II'],[],['M']
A-+,"['A-', 'C', 'E']",['VI'],[],['M']
C7alter#3addb9,"['C', 'E', 'G', 'B-', 'C#']",['I'],"['7', '9']",['M']
G/F,"['F', 'G', 'B', 'D']",['V'],[],['M']
E/F,"['F', 'E', 'A-', 'B']",['III'],[],['M']
E/C,"['C', 'E', 'A-', 'B']",['III'],[],['M']
B-7/Eadd#11,"['E', 'F', 'A-', 'B-', 'D']",['VII'],"['7', '11']",['M']
E7/D,"['D', 'E', 'A-', 'B']",['III'],['7'],['M']
Am/C,"['C', 'E', 'A']",['vi'],[],['m']
D7/A,"['A', 'C', 'D', 'F#']",['II'],['7'],['M']
E-m6,"['E-', 'F#', 'B-', 'C']",['iii'],['6'],['m']
Edim,"['E', 'G', 'B-']",['iii'],['dim'],['m']
B-6/F,"['F', 'G', 'B-', 'D']",['VII'],['6'],['M']
G#9,"['A-', 'C', 'E-', 'F#', 'B-']",['V'],['9'],['M']
G6,"['G', 'B', 'D', 'E']",['V'],['6'],['M']
Cpower,"['C', 'G']",['i'],[],['m']
Fpower,"['F', 'C']",['iv'],[],['m']
Am7/G,"['G', 'A', 'C', 'E']",['vi'],['7'],['m']
F/G,"['G', 'F', 'A', 'C']",['IV'],[],['M']
D-dim,"['C#', 'E', 'G']",['ii'],['dim'],['m']
D#maj7,"['E-', 'G', 'B-', 'D']",['II'],['7'],['M']
D#7,"['E-', 'G', 'B-', 'C#']",['II'],['7'],['M']
A-sus,"['A-', 'C#', 'E-']",['vi'],['sus'],['m']
C#m9,"['C#', 'E', 'A-', 'B', 'E-']",['i'],['9'],['m']
F#13,"['F#', 'B-', 'C#', 'E', 'A-', 'B', 'E-']",['IV'],['13'],['M']
D#m9,"['E-', 'F#', 'B-', 'C#', 'F']",['ii'],['9'],['m']
G#13,"['A-', 'C', 'E-', 'F#', 'B-', 'C#', 'F']",['V'],['13'],['M']
Cadd9,"['C', 'E', 'G', 'D']",['I'],['9'],['M']
Em7/G,"['G', 'B', 'D', 'E']",['iii'],['7'],['m']
D9add#11,"['D', 'F#', 'A', 'C', 'E', 'A-']",['II'],"['9', '11']",['M']
B-/A,"['A', 'B-', 'D', 'F']",['VII'],[],['M']
G9/B,"['B', 'D', 'F', 'A', 'G']",['V'],['9'],['M']
Cm9/F,"['F', 'C', 'E-', 'G', 'B-', 'D']",['i'],['9'],['m']
B-m6/D-,"['C#', 'F', 'G', 'B-']",['vii'],['6'],['m']
B-7add#9,"['B-', 'D', 'F', 'A-', 'C#']",['VII'],"['7', '9']",['M']
Cm/F,"['F', 'C', 'E-', 'G']",['i'],[],['m']
Fm7/B-,"['B-', 'F', 'A-', 'C', 'E-']",['iv'],['7'],['m']
B-7/F,"['F', 'A-', 'B-', 'D']",['VII'],['7'],['M']
C7add#9,"['C', 'E', 'G', 'B-', 'E-']",['I'],"['7', '9']",['M']
G-9,"['F#', 'B-', 'C#', 'E', 'A-']",['V'],['9'],['M']
AmM7,"['A', 'C', 'E', 'A-']",['vi'],['7'],['m']
E7/F#addb9,"['F#', 'E', 'A-', 'B', 'D', 'F']",['III'],"['7', '9']",['M']
Em9,"['E', 'G', 'B', 'D', 'F#']",['iii'],['9'],['m']
Gm9/F,"['F', 'A', 'G', 'B-', 'D']",['v'],['9'],['m']
G-/E,"['E', 'F#', 'B-', 'C#']",['V'],[],['M']
E-7/B-add#11,"['B-', 'C#', 'E-', 'G', 'A']",['III'],"['7', '11']",['M']
E-9alter#3,"['E-', 'G', 'B-', 'C#', 'F']",['III'],['9'],['M']
Em11,"['E', 'G', 'B', 'D', 'F#', 'A']",['iii'],['11'],['m']
C7/B-,"['B-', 'C', 'E', 'G']",['I'],['7'],['M']
G-9add#11,"['F#', 'B-', 'C#', 'E', 'A-', 'C']",['V'],"['9', '11']",['M']
G-/D-,"['C#', 'F#', 'B-']",['V'],[],['M']
B-m7/A-,"['A-', 'B-', 'C#', 'F']",['vii'],['7'],['m']
C#m6,"['C#', 'E', 'A-', 'B-']",['i'],['6'],['m']
Fadd9,"['F', 'A', 'C', 'G']",['IV'],['9'],['M']
D#dim,"['E-', 'F#', 'A']",['ii'],['dim'],['m']
C#,"['C#', 'F', 'A-']",['I'],[],['M']
C#7addb9,"['C#', 'F', 'A-', 'B', 'D']",['I'],"['7', '9']",['M']
A#m9,"['B-', 'C#', 'F', 'A-', 'C']",['vi'],['9'],['m']
Dm7/F,"['F', 'A', 'C', 'D']",['ii'],['7'],['m']
B+,"['B', 'E-', 'G']",['VII'],[],['M']
C7/Ealter#5,"['E', 'G', 'B-', 'C']",['I'],['7'],['M']
G7/A,"['A', 'G', 'B', 'D', 'F']",['V'],['7'],['M']
G+/B,"['B', 'E-', 'G']",['V'],[],['M']
C7/F#alterb5,"['F#', 'C', 'E', 'G', 'B-']",['I'],['7'],['M']
Dm7/E,"['E', 'D', 'F', 'A', 'C']",['ii'],['7'],['m']
G7/E,"['E', 'G', 'B', 'D', 'F']",['V'],['7'],['M']
C/o7,"['C', 'E-', 'F#', 'B-']",['i'],['7'],['m']
G-m7,"['F#', 'A', 'C#', 'E']",['v'],['7'],['m']
E--7,"['D', 'F#', 'A', 'C']",['III'],['7'],['M']
E--m7,"['D', 'F', 'A', 'C']",['iii'],['7'],['m']
F7add#9,"['F', 'A', 'C', 'E-', 'A-']",['IV'],"['7', '9']",['M']
D-7addb9,"['C#', 'F', 'A-', 'B', 'D']",['II'],"['7', '9']",['M']
E-m7/D-,"['C#', 'E-', 'F#', 'B-']",['iii'],['7'],['m']
D-m7,"['C#', 'E', 'A-', 'B']",['ii'],['7'],['m']
A-/o7,"['A-', 'B', 'D', 'F#']",['vi'],['7'],['m']
G-/o7,"['F#', 'A', 'C', 'E']",['v'],['7'],['m']
C-7add#9,"['B', 'E-', 'F#', 'A', 'D']",['I'],"['7', '9']",['M']
F-maj7,"['E', 'A-', 'B', 'E-']",['IV'],['7'],['M']
Ddim,"['D', 'F', 'A-']",['ii'],['dim'],['m']
Csus,"['C', 'F', 'G']",['i'],['sus'],['m']
F#m9,"['F#', 'A', 'C#', 'E', 'A-']",['iv'],['9'],['m']
C#7/E#,"['F', 'A-', 'B', 'C#']",['I'],['7'],['M']
AM9/E,"['E', 'A-', 'B', 'A', 'C#']",['VI'],['9'],['M']
D#/o7,"['E-', 'F#', 'A', 'C#']",['ii'],['7'],['m']
Dm6/E,"['E', 'D', 'F', 'A', 'B']",['ii'],['6'],['m']
C#/E#,"['F', 'A-', 'C#']",['I'],[],['M']
G#/o7,"['A-', 'B', 'D', 'F#']",['v'],['7'],['m']
D/E,"['E', 'D', 'F#', 'A']",['II'],[],['M']
Amaj7/C#,"['C#', 'E', 'A-', 'A']",['VI'],['7'],['M']
Dm7/C,"['C', 'D', 'F', 'A']",['ii'],['7'],['m']
Am7/C,"['C', 'E', 'G', 'A']",['vi'],['7'],['m']
A6,"['A', 'C#', 'E', 'F#']",['VI'],['6'],['M']
C-m7,"['B', 'D', 'F#', 'A']",['i'],['7'],['m']
B9alter#3,"['B', 'E-', 'F#', 'A', 'C#']",['VII'],['9'],['M']
Gm7/A,"['A', 'G', 'B-', 'D', 'F']",['v'],['7'],['m']
E/B,"['B', 'E', 'A-']",['III'],[],['M']
E/G#,"['A-', 'B', 'E']",['III'],[],['M']
E/D#,"['E-', 'E', 'A-', 'B']",['III'],[],['M']
B7/D#,"['E-', 'F#', 'A', 'B']",['VII'],['7'],['M']
B/A,"['A', 'B', 'E-', 'F#']",['VII'],[],['M']
Em6,"['E', 'G', 'B', 'C#']",['iii'],['6'],['m']
Gm7/D,"['D', 'F', 'G', 'B-']",['v'],['7'],['m']
A-m6,"['A-', 'B', 'E-', 'F']",['vi'],['6'],['m']
F-m7,"['E', 'G', 'B', 'D']",['iv'],['7'],['m']
E+/C,"['C', 'E', 'A-', 'C']",['III'],[],['M']
B--7,"['A', 'C#', 'E', 'G']",['VII'],['7'],['M']
B--/o7,"['A', 'C', 'E-', 'G']",['vii'],['7'],['m']
E-+,"['E-', 'G', 'B']",['III'],[],['M']
G-maj7,"['F#', 'B-', 'C#', 'F']",['V'],['7'],['M']
D-6add9,"['C#', 'F', 'A-', 'B-', 'E-']",['II'],"['6', '9']",['M']
C13alter#11,"['C', 'E', 'G', 'B-', 'D', 'F', 'A']",['I'],"['11', '13']",['M']
F13alter#11,"['F', 'A', 'C', 'E-', 'G', 'B-', 'D']",['IV'],"['11', '13']",['M']
E-/F,"['F', 'E-', 'G', 'B-']",['III'],[],['M']
C/D,"['D', 'C', 'E', 'G']",['I'],[],['M']
C/F,"['F', 'C', 'E', 'G']",['I'],[],['M']
Cm9/G,"['G', 'B-', 'D', 'C', 'E-']",['i'],['9'],['m']
F9/A,"['A', 'C', 'E-', 'G', 'F']",['IV'],['9'],['M']
F7/A,"['A', 'C', 'E-', 'F']",['IV'],['7'],['M']
Cm7/G,"['G', 'B-', 'C', 'E-']",['i'],['7'],['m']
D-13,"['C#', 'F', 'A-', 'B', 'E-', 'F#', 'B-']",['II'],['13'],['M']
AM13,"['A', 'C#', 'E', 'A-', 'B', 'D', 'F#']",['VI'],['13'],['M']
Aadd9,"['A', 'C#', 'E', 'B']",['VI'],['9'],['M']
B-/o7/E,"['E', 'B-', 'C#', 'E', 'A-']",['vii'],['7'],['m']
Aadd11,"['A', 'C#', 'E', 'D']",['VI'],['11'],['M']
A7/B,"['B', 'A', 'C#', 'E', 'G']",['VI'],['7'],['M']
Dm7/A,"['A', 'C', 'D', 'F']",['ii'],['7'],['m']
D+/F#,"['F#', 'B-', 'D']",['II'],[],['M']
Gm/F,"['F', 'G', 'B-', 'D']",['v'],[],['m']
Gm/E,"['E', 'G', 'B-', 'D']",['v'],[],['m']
Dm/E,"['E', 'D', 'F', 'A']",['ii'],[],['m']
G6/D,"['D', 'E', 'G', 'B']",['V'],['6'],['M']
Am7/E,"['E', 'G', 'A', 'C']",['vi'],['7'],['m']
Am7/D,"['D', 'A', 'C', 'E', 'G']",['vi'],['7'],['m']
Em7/B,"['B', 'D', 'E', 'G']",['iii'],['7'],['m']
F/E,"['E', 'F', 'A', 'C']",['IV'],[],['M']
DmM7,"['D', 'F', 'A', 'C#']",['ii'],['7'],['m']
D7/G#alterb5,"['A-', 'D', 'F#', 'A', 'C']",['II'],['7'],['M']
E7/G#,"['A-', 'B', 'D', 'E']",['III'],['7'],['M']
G/E,"['E', 'G', 'B', 'D']",['V'],[],['M']
Dm/A,"['A', 'D', 'F']",['ii'],[],['m']
G6add9,"['G', 'B', 'D', 'E', 'A']",['V'],"['6', '9']",['M']
C+/D,"['D', 'C', 'E', 'A-']",['I'],[],['M']
Am6/E,"['E', 'F#', 'A', 'C']",['vi'],['6'],['m']
A-m,"['A-', 'B', 'E-']",['vi'],[],['m']
C-9,"['B', 'E-', 'F#', 'A', 'C#']",['I'],['9'],['M']
D#6add9,"['E-', 'G', 'B-', 'C', 'F']",['II'],"['6', '9']",['M']
D6add9,"['D', 'F#', 'A', 'B', 'E']",['II'],"['6', '9']",['M']
E7addb13,"['E', 'A-', 'B', 'D', 'C']",['III'],"['7', '13']",['M']
A#6add9,"['B-', 'D', 'F', 'G', 'C']",['VI'],"['6', '9']",['M']
Dm9/G,"['G', 'D', 'F', 'A', 'C', 'E']",['ii'],['9'],['m']
F#dim/G,"['G', 'F#', 'A', 'C']",['iv'],['dim'],['m']
D7add#11,"['D', 'F#', 'A', 'C', 'A-']",['II'],"['7', '11']",['M']
G7add#11,"['G', 'B', 'D', 'F', 'C#']",['V'],"['7', '11']",['M']
C7alterb5,"['C', 'E', 'G', 'B-']",['I'],['7'],['M']
D13alter#3,"['D', 'F#', 'A', 'C', 'E', 'G', 'B']",['II'],['13'],['M']
A-7add#9,"['A-', 'C', 'E-', 'F#', 'B']",['VI'],"['7', '9']",['M']
Am6/C,"['C', 'E', 'F#', 'A']",['vi'],['6'],['m']
G7add#9,"['G', 'B', 'D', 'F', 'B-']",['V'],"['7', '9']",['M']
Fm/G#,"['A-', 'F', 'A-', 'C']",['iv'],[],['m']
Em6/C#,"['C#', 'E', 'G', 'B', 'C#']",['iii'],['6'],['m']
C#13,"['C#', 'F', 'A-', 'B', 'E-', 'F#', 'B-']",['I'],['13'],['M']
G#power,"['A-', 'E-']",['v'],[],['m']
D6,"['D', 'F#', 'A', 'B']",['II'],['6'],['M']
A/E,"['E', 'A', 'C#']",['VI'],[],['M']
A-7/C,"['C', 'E-', 'F#', 'A-']",['VI'],['7'],['M']
D-/A-,"['A-', 'C#', 'F']",['II'],[],['M']
D-m6,"['C#', 'E', 'A-', 'B-']",['ii'],['6'],['m']
F9alter#3,"['F', 'A', 'C', 'E-', 'G']",['IV'],['9'],['M']
Ddim/C,"['C', 'D', 'F', 'A-']",['ii'],['dim'],['m']
F/D,"['D', 'F', 'A', 'C']",['IV'],[],['M']
Cmaj7/B,"['B', 'C', 'E', 'G']",['I'],['7'],['M']
Fmaj7/A,"['A', 'C', 'E', 'F']",['IV'],['7'],['M']
Cmaj7/D,"['D', 'C', 'E', 'G', 'B']",['I'],['7'],['M']
Fmaj7/G,"['G', 'F', 'A', 'C', 'E']",['IV'],['7'],['M']
Fmaj7/D,"['D', 'F', 'A', 'C', 'E']",['IV'],['7'],['M']
Dm6/G,"['G', 'D', 'F', 'A', 'B']",['ii'],['6'],['m']
C6/A,"['A', 'C', 'E', 'G', 'A']",['I'],['6'],['M']
E-7add#11,"['E-', 'G', 'B-', 'C#', 'A']",['III'],"['7', '11']",['M']
F-m,"['E', 'G', 'B']",['iv'],[],['m']
Bm11,"['B', 'D', 'F#', 'A', 'C#', 'E']",['vii'],['11'],['m']
F#7add#9,"['F#', 'B-', 'C#', 'E', 'A']",['IV'],"['7', '9']",['M']
Amaj7/E,"['E', 'A-', 'A', 'C#']",['VI'],['7'],['M']
E13alterb9,"['E', 'A-', 'B', 'D', 'F#', 'A', 'C#']",['III'],"['9', '13']",['M']
C-maj7,"['B', 'E-', 'F#', 'B-']",['I'],['7'],['M']
B/o7/E#,"['F', 'B', 'D', 'F', 'A']",['vii'],['7'],['m']
Cm7/B-,"['B-', 'C', 'E-', 'G']",['i'],['7'],['m']
D#9,"['E-', 'G', 'B-', 'C#', 'F']",['II'],['9'],['M']
D#m11,"['E-', 'F#', 'B-', 'C#', 'F', 'A-']",['ii'],['11'],['m']
Fm/D,"['D', 'F', 'A-', 'C']",['iv'],[],['m']
A-/E-,"['E-', 'A-', 'C']",['VI'],[],['M']
Gm9/D,"['D', 'F', 'A', 'G', 'B-']",['v'],['9'],['m']
B7alter#5addb9,"['B', 'E-', 'F#', 'A', 'C']",['VII'],"['7', '9']",['M']
B13/A,"['A', 'C#', 'E', 'A-', 'B', 'E-', 'F#']",['VII'],['13'],['M']
A-m11,"['A-', 'B', 'E-', 'F#', 'B-', 'C#']",['vi'],['11'],['m']
D-M9add#11,"['C#', 'F', 'A-', 'C', 'E-', 'G']",['II'],"['9', '11']",['M']
G/C,"['C', 'G', 'B', 'D']",['V'],[],['M']
B7add#11,"['B', 'E-', 'F#', 'A', 'F']",['VII'],"['7', '11']",['M']
CM9add#11,"['C', 'E', 'G', 'B', 'D', 'F#']",['I'],"['9', '11']",['M']
Gm/D,"['D', 'G', 'B-']",['v'],[],['m']
E7/Balter#3,"['B', 'D', 'E', 'A-']",['III'],['7'],['M']
Em/B,"['B', 'E', 'G']",['iii'],[],['m']
C#m7/B,"['B', 'C#', 'E', 'A-']",['i'],['7'],['m']
B/F#,"['F#', 'B', 'E-']",['VII'],[],['M']
B7/F#,"['F#', 'A', 'B', 'E-']",['VII'],['7'],['M']
F/E-,"['E-', 'F', 'A', 'C']",['IV'],[],['M']
B-m/D-,"['C#', 'F', 'B-']",['vii'],[],['m']
A6add9,"['A', 'C#', 'E', 'F#', 'B']",['VI'],"['6', '9']",['M']
G#7add#9,"['A-', 'C', 'E-', 'F#', 'B']",['V'],"['7', '9']",['M']
A#m,"['B-', 'C#', 'F']",['vi'],[],['m']
A#m/G#,"['A-', 'B-', 'C#', 'F']",['vi'],[],['m']
A#/F##,"['G', 'B-', 'D', 'F']",['VI'],[],['M']
C#m11,"['C#', 'E', 'A-', 'B', 'E-', 'F#']",['i'],['11'],['m']
Bm/F#,"['F#', 'B', 'D']",['vii'],[],['m']
Bm/C#,"['C#', 'B', 'D', 'F#']",['vii'],[],['m']
DM9,"['D', 'F#', 'A', 'C#', 'E']",['II'],['9'],['M']
Asus,"['A', 'D', 'E']",['vi'],['sus'],['m']
E7/A,"['A', 'E', 'A-', 'B', 'D']",['III'],['7'],['M']
G-13,"['F#', 'B-', 'C#', 'E', 'A-', 'B', 'E-']",['V'],['13'],['M']
A/o7/E-,"['E-', 'G', 'A', 'C']",['vi'],['7'],['m']
Dm13,"['D', 'F', 'A', 'C', 'E', 'G', 'B']",['ii'],['13'],['m']
C/Gadd9,"['G', 'C', 'D', 'E']",['I'],['9'],['M']
Gm6/E,"['E', 'G', 'B-', 'D', 'E']",['v'],['6'],['m']
Am6/F#,"['F#', 'A', 'C', 'E', 'F#']",['vi'],['6'],['m']
C#6,"['C#', 'F', 'A-', 'B-']",['I'],['6'],['M']
B-/E-,"['E-', 'B-', 'D', 'F']",['VII'],[],['M']
Cm/D,"['D', 'C', 'E-', 'G']",['i'],[],['m']
B-/A-,"['A-', 'B-', 'D', 'F']",['VII'],[],['M']
B--m7,"['A', 'C', 'E', 'G']",['vii'],['7'],['m']
E--9/B--,"['A', 'C', 'D', 'E', 'F#']",['III'],['9'],['M']
A--m7,"['G', 'B-', 'D', 'F']",['vi'],['7'],['m']
C9/G,"['G', 'B-', 'C', 'D', 'E']",['I'],['9'],['M']
F-M9,"['E', 'A-', 'B', 'E-', 'F#']",['IV'],['9'],['M']
G-M9,"['F#', 'B-', 'C#', 'F', 'A-']",['V'],['9'],['M']
C-M9,"['B', 'E-', 'F#', 'B-', 'C#']",['I'],['9'],['M']
D-M9,"['C#', 'F', 'A-', 'C', 'E-']",['II'],['9'],['M']
G/F#,"['F#', 'G', 'B', 'D']",['V'],[],['M']
E+/A-,"['A-', 'E', 'A-', 'C']",['III'],[],['M']
E-13/C#,"['C#', 'E-', 'G', 'B-', 'C#', 'F', 'A-', 'C']",['III'],['13'],['M']
Dm9/C,"['C', 'E', 'D', 'F', 'A']",['ii'],['9'],['m']
C#13/B,"['B', 'E-', 'F#', 'B-', 'C#', 'F', 'A-']",['I'],['13'],['M']
Am9/G,"['G', 'B', 'A', 'C', 'E']",['vi'],['9'],['m']
B-13/D,"['D', 'E-', 'F', 'G', 'A-', 'B-', 'C']",['VII'],['13'],['M']
Dm9/F,"['F', 'A', 'C', 'E', 'D']",['ii'],['9'],['m']
G13/F,"['F', 'A', 'C', 'E', 'G', 'B', 'D']",['V'],['13'],['M']
E7alter#3addb9,"['E', 'A-', 'B', 'D', 'F']",['III'],"['7', '9']",['M']
B/o7/E,"['E', 'B', 'D', 'F', 'A']",['vii'],['7'],['m']
D-13alter#11,"['C#', 'F', 'A-', 'B', 'E-', 'F#', 'B-']",['II'],"['11', '13']",['M']
BM9,"['B', 'E-', 'F#', 'B-', 'C#']",['VII'],['9'],['M']
BM9add#11,"['B', 'E-', 'F#', 'B-', 'C#', 'F']",['VII'],"['9', '11']",['M']
B-13alter#11,"['B-', 'D', 'F', 'A-', 'C', 'E-', 'G']",['VII'],"['11', '13']",['M']
E--9,"['D', 'F#', 'A', 'C', 'E']",['III'],['9'],['M']
B--7alterb5,"['A', 'C#', 'E', 'G']",['VII'],['7'],['M']
C#9add#11,"['C#', 'F', 'A-', 'B', 'E-', 'G']",['I'],"['9', '11']",['M']
E-add9,"['E-', 'G', 'B-', 'F']",['III'],['9'],['M']
B-M9add#11,"['B-', 'D', 'F', 'A', 'C', 'E']",['VII'],"['9', '11']",['M']
D-9add#11,"['C#', 'F', 'A-', 'B', 'E-', 'G']",['II'],"['9', '11']",['M']
F6/D,"['D', 'F', 'A', 'C', 'D']",['IV'],['6'],['M']
F#dim/D#,"['E-', 'F#', 'A', 'C']",['iv'],['dim'],['m']
C#7add#11,"['C#', 'F', 'A-', 'B', 'G']",['I'],"['7', '11']",['M']
B7add#9,"['B', 'E-', 'F#', 'A', 'D']",['VII'],"['7', '9']",['M']
C6/Gadd9,"['G', 'A', 'C', 'D', 'E']",['I'],"['6', '9']",['M']
A-/F#,"['F#', 'A-', 'C', 'E-']",['VI'],[],['M']
B7/E#,"['F', 'B', 'E-', 'F#', 'A']",['VII'],['7'],['M']
E#sus,"['F', 'B-', 'C']",['iii'],['sus'],['m']
D#sus,"['E-', 'A-', 'B-']",['ii'],['sus'],['m']
C#sus,"['C#', 'F#', 'A-']",['i'],['sus'],['m']
A#13,"['B-', 'D', 'F', 'A-', 'C', 'E-', 'G']",['VI'],['13'],['M']
G13alterb5alterb9,"['G', 'B', 'D', 'F', 'A', 'C', 'E']",['V'],"['9', '13']",['M']
B--13,"['A', 'C#', 'E', 'G', 'B', 'D', 'F#']",['VII'],['13'],['M']
B--6,"['A', 'C#', 'E', 'F#']",['VII'],['6'],['M']
E-mM7,"['E-', 'F#', 'B-', 'D']",['iii'],['7'],['m']
B#13alter#3,"['C', 'E-#', 'G', 'B-', 'D', 'F', 'A']",['VII'],['13'],['M']
E#M9,"['F', 'A', 'C', 'E-#', 'G']",['III'],['9'],['M']
A#M9,"['B-', 'D', 'F', 'A', 'C']",['VI'],['9'],['M']
C##m7,"['D', 'F', 'A', 'C']",['i'],['7'],['m']
C##m7/B#,"['C', 'D', 'F', 'A']",['i'],['7'],['m']
A#maj7,"['B-', 'D', 'F', 'A']",['VI'],['7'],['M']
E#maj7/G##,"['A', 'C', 'E-#', 'F']",['III'],['7'],['M']
F##m7,"['G', 'B-', 'D', 'F']",['iv'],['7'],['m']
E#6/G##add9,"['A', 'C', 'D', 'F', 'G']",['III'],"['6', '9']",['M']
B#9alter#3,"['C', 'E-#', 'G', 'B-', 'D']",['VII'],['9'],['M']
D/C,"['C', 'D', 'F#', 'A']",['II'],[],['M']
G#7addb9,"['A-', 'C', 'E-', 'F#', 'A']",['V'],"['7', '9']",['M']
E-M9,"['E-', 'G', 'B-', 'D', 'F']",['III'],['9'],['M']
GM9,"['G', 'B', 'D', 'F#', 'A']",['V'],['9'],['M']
A-/G,"['G', 'A-', 'C', 'E-']",['VI'],[],['M']
E#9,"['F', 'A', 'C', 'E-', 'G']",['III'],['9'],['M']
A#9,"['B-', 'D', 'F', 'A-', 'C']",['VI'],['9'],['M']
F#mM7,"['F#', 'A', 'C#', 'F']",['iv'],['7'],['m']
A/G,"['G', 'A', 'C#', 'E']",['VI'],[],['M']
D/G,"['G', 'D', 'F#', 'A']",['II'],[],['M']
E/A,"['A', 'E', 'A-', 'B']",['III'],[],['M']
B-/o7,"['B-', 'C#', 'E', 'A-']",['vii'],['7'],['m']
F#sus,"['F#', 'B', 'C#']",['iv'],['sus'],['m']
B7alter#3,"['B', 'E-', 'F#', 'A']",['VII'],['7'],['M']
C#/G#,"['A-', 'C#', 'F']",['I'],[],['M']
GmM7,"['G', 'B-', 'D', 'F#']",['v'],['7'],['m']
Gm6/A,"['A', 'G', 'B-', 'D', 'E']",['v'],['6'],['m']
F#7/B#alterb5,"['C', 'F#', 'B-', 'C#', 'E']",['IV'],['7'],['M']
B-m/C,"['C', 'B-', 'C#', 'F']",['vii'],[],['m']
C7/D,"['D', 'C', 'E', 'G', 'B-']",['I'],['7'],['M']
Gm7/E,"['E', 'G', 'B-', 'D', 'F']",['v'],['7'],['m']
G-/C-,"['B', 'F#', 'B-', 'C#']",['V'],[],['M']
C-/D-,"['C#', 'B', 'E-', 'F#']",['I'],[],['M']
A-13/D-alterb9,"['C#', 'F', 'A-', 'C', 'E-', 'F#', 'B-']",['VI'],"['9', '13']",['M']
C-/G-,"['F#', 'B', 'E-']",['I'],[],['M']
Cm11,"['C', 'E-', 'G', 'B-', 'D', 'F']",['i'],['11'],['m']
G-/A-,"['A-', 'F#', 'B-', 'C#']",['V'],[],['M']
A-/B-,"['B-', 'A-', 'C', 'E-']",['VI'],[],['M']
Fmaj7/E,"['E', 'F', 'A', 'C']",['IV'],['7'],['M']
G7/F,"['F', 'G', 'B', 'D']",['V'],['7'],['M']
Em7alter#5,"['E', 'G', 'B', 'D']",['iii'],['7'],['m']
Adim/G,"['G', 'A', 'C', 'E-']",['vi'],['dim'],['m']
Bsus,"['B', 'E', 'F#']",['vii'],['sus'],['m']
F#7/G,"['G', 'F#', 'B-', 'C#', 'E']",['IV'],['7'],['M']
D7/E,"['E', 'D', 'F#', 'A', 'C']",['II'],['7'],['M']
A-9add#11,"['A-', 'C', 'E-', 'F#', 'B-', 'D']",['VI'],"['9', '11']",['M']
B6,"['B', 'E-', 'F#', 'A-']",['VII'],['6'],['M']
C-,['B'],['i'],[],['m']
C-13,"['B', 'E-', 'F#', 'A', 'C#', 'E', 'A-']",['I'],['13'],['M']
C7/F#,"['F#', 'C', 'E', 'G', 'B-']",['I'],['7'],['M']
C6/Dadd9,"['D', 'G', 'A', 'C', 'E']",['I'],"['6', '9']",['M']
CM13/G,"['G', 'A', 'B', 'C', 'D', 'E', 'F']",['I'],['13'],['M']
E-7/A,"['A', 'E-', 'G', 'B-', 'C#']",['III'],['7'],['M']
C#/o7,"['C#', 'E', 'G', 'B']",['i'],['7'],['m']
D-sus,"['C#', 'F#', 'A-']",['ii'],['sus'],['m']
G-7alter#5,"['F#', 'B-', 'C#', 'E']",['V'],['7'],['M']
F-,"['E', 'A-', 'B']",['IV'],[],['M']
A-9alter#3,"['A-', 'C', 'E-', 'F#', 'B-']",['VI'],['9'],['M']
B-m11,"['B-', 'C#', 'F', 'A-', 'C', 'E-']",['vii'],['11'],['m']
B-malter#5,"['B-', 'C#', 'F']",['vii'],[],['m']
E-malter#5,"['E-', 'F#', 'B-']",['iii'],[],['m']
G-m6,"['F#', 'A', 'C#', 'E-']",['v'],['6'],['m']
E-m11,"['E-', 'F#', 'B-', 'C#', 'F', 'A-']",['iii'],['11'],['m']
G-M9/B-,"['B-', 'C#', 'F', 'F#', 'A-']",['V'],['9'],['M']
C-6,"['B', 'E-', 'F#', 'A-']",['I'],['6'],['M']
G9add#11,"['G', 'B', 'D', 'F', 'A', 'C#']",['V'],"['9', '11']",['M']
BmM7,"['B', 'D', 'F#', 'B-']",['vii'],['7'],['m']
Bm6,"['B', 'D', 'F#', 'A-']",['vii'],['6'],['m']
Fm11,"['F', 'A-', 'C', 'E-', 'G', 'B-']",['iv'],['11'],['m']
B-9alter#3,"['B-', 'D', 'F', 'A-', 'C']",['VII'],['9'],['M']
Gm7alter#5,"['G', 'B-', 'D', 'F']",['v'],['7'],['m']
Cmalter#5,"['C', 'E-', 'G']",['i'],[],['m']
D/o7/C,"['C', 'D', 'F', 'A-']",['ii'],['7'],['m']
Dmaj7/E,"['E', 'D', 'F#', 'A', 'C#']",['II'],['7'],['M']
AM9,"['A', 'C#', 'E', 'A-', 'B']",['VI'],['9'],['M']
C#m,"['C#', 'E', 'A-']",['i'],[],['m']
G7/Caddb9,"['C', 'G', 'B', 'D', 'F', 'A-']",['V'],"['7', '9']",['M']
B-sus,"['B-', 'E-', 'F']",['vii'],['sus'],['m']
D#m,"['E-', 'F#', 'B-']",['ii'],[],['m']
E7alterb5addb9,"['E', 'A-', 'B', 'D', 'F']",['III'],"['7', '9']",['M']
Gadd9,"['G', 'B', 'D', 'A']",['V'],['9'],['M']
Gmaj7alter#5,"['G', 'B', 'D', 'F#']",['V'],['7'],['M']
A-9/C,"['C', 'E-', 'F#', 'A-', 'B-']",['VI'],['9'],['M']
A9/C#,"['C#', 'E', 'G', 'A', 'B']",['VI'],['9'],['M']
E9/A-,"['A-', 'E', 'A-', 'B', 'D', 'F#']",['III'],['9'],['M']
B/C,"['C', 'B', 'E-', 'F#']",['VII'],[],['M']
Gm13,"['G', 'B-', 'D', 'F', 'A', 'C', 'E']",['v'],['13'],['m']
B-/E,"['E', 'B-', 'D', 'F']",['VII'],[],['M']
B-/G,"['G', 'B-', 'D', 'F']",['VII'],[],['M']
A-/A,"['A', 'A-', 'C', 'E-']",['VI'],[],['M']
A-/D,"['D', 'A-', 'C', 'E-']",['VI'],[],['M']
E-/F-,"['E', 'E-', 'G', 'B-']",['III'],[],['M']
E-/G,"['G', 'B-', 'E-']",['III'],[],['M']
D-/C,"['C', 'C#', 'F', 'A-']",['II'],[],['M']
F/B-,"['B-', 'F', 'A', 'C']",['IV'],[],['M']
E-/D,"['D', 'E-', 'G', 'B-']",['III'],[],['M']
D-/F,"['F', 'A-', 'C#']",['II'],[],['M']
A-m/C-,"['B', 'E-', 'A-']",['vi'],[],['m']
E-m/C,"['C', 'E-', 'F#', 'B-']",['iii'],[],['m']
Fm7/A-,"['A-', 'C', 'E-', 'F']",['iv'],['7'],['m']
Am6add9,"['A', 'C', 'E', 'F#', 'B']",['vi'],"['6', '9']",['m']
Dm6add9,"['D', 'F', 'A', 'B', 'E']",['ii'],"['6', '9']",['m']
D--6add9,"['C', 'E', 'G', 'A', 'D']",['II'],"['6', '9']",['M']
B--9,"['A', 'C#', 'E', 'G', 'B']",['VII'],['9'],['M']
E--13alterb5,"['D', 'F#', 'A', 'C', 'E', 'G', 'B']",['III'],['13'],['M']
D--9,"['C', 'E', 'G', 'B-', 'D']",['II'],['9'],['M']
E--m9,"['D', 'F', 'A', 'C', 'E']",['iii'],['9'],['m']
A--13,"['G', 'B', 'D', 'F', 'A', 'C', 'E']",['VI'],['13'],['M']
D--maj7,"['C', 'E', 'G', 'B']",['II'],['7'],['M']
D--6,"['C', 'E', 'G', 'A']",['II'],['6'],['M']
G--m9,"['F', 'A-', 'C', 'E-', 'G']",['v'],['9'],['m']
F-9,"['E', 'A-', 'B', 'D', 'F#']",['IV'],['9'],['M']
A-m9,"['A-', 'B', 'E-', 'F#', 'B-']",['vi'],['9'],['m']
G-m9,"['F#', 'A', 'C#', 'E', 'A-']",['v'],['9'],['m']
B/G,"['G', 'B', 'E-', 'F#']",['VII'],[],['M']
G#+,"['A-', 'C', 'E-#']",['V'],[],['M']
C-9add#11,"['B', 'E-', 'F#', 'A', 'C#', 'F']",['I'],"['9', '11']",['M']
Fdim/C-,"['B', 'F', 'A-']",['iv'],['dim'],['m']
A-M9add#11,"['A-', 'C', 'E-', 'G', 'B-', 'D']",['VI'],"['9', '11']",['M']
B-9/A-,"['A-', 'B-', 'C', 'D', 'F']",['VII'],['9'],['M']
Fsus,"['F', 'B-', 'C']",['iv'],['sus'],['m']
G#maj7/D#,"['E-', 'G', 'A-', 'C']",['V'],['7'],['M']
E#7addb9,"['F', 'A', 'C', 'E-', 'F#']",['III'],"['7', '9']",['M']
D#13,"['E-', 'G', 'B-', 'C#', 'F', 'A-', 'C']",['II'],['13'],['M']
A9add#11,"['A', 'C#', 'E', 'G', 'B', 'E-']",['VI'],"['9', '11']",['M']
A#/o7,"['B-', 'C#', 'E', 'A-']",['vi'],['7'],['m']
E--/o7,"['D', 'F', 'A-', 'C']",['iii'],['7'],['m']
A--7addb9,"['G', 'B', 'D', 'F', 'A-']",['VI'],"['7', '9']",['M']
B-m7/E-,"['E-', 'B-', 'C#', 'F', 'A-']",['vii'],['7'],['m']
A--maj7,"['G', 'B', 'D', 'F#']",['VI'],['7'],['M']
D--7,"['C', 'E', 'G', 'B-']",['II'],['7'],['M']
G--7,"['F', 'A', 'C', 'E-']",['V'],['7'],['M']
A--7,"['G', 'B', 'D', 'F']",['VI'],['7'],['M']
D13alter#11,"['D', 'F#', 'A', 'C', 'E', 'G', 'B']",['II'],"['11', '13']",['M']
G#maj7/B#,"['C', 'E-', 'G', 'A-']",['V'],['7'],['M']
A#m7/G#,"['A-', 'B-', 'C#', 'F']",['vi'],['7'],['m']
A-/C,"['C', 'E-', 'A-']",['VI'],[],['M']
A-m6/F,"['F', 'A-', 'B', 'E-', 'F']",['vi'],['6'],['m']
C9add#11,"['C', 'E', 'G', 'B-', 'D', 'F#']",['I'],"['9', '11']",['M']
C6/Eadd9,"['E', 'G', 'A', 'C', 'D']",['I'],"['6', '9']",['M']
B7addb13,"['B', 'E-', 'F#', 'A', 'G']",['VII'],"['7', '13']",['M']
B-mM7/D-,"['C#', 'F', 'A', 'B-']",['vii'],['7'],['m']
A7addb13,"['A', 'C#', 'E', 'G', 'F']",['VI'],"['7', '13']",['M']
G7addb13,"['G', 'B', 'D', 'F', 'E-']",['V'],"['7', '13']",['M']
Gmaj7/B,"['B', 'D', 'F#', 'G']",['V'],['7'],['M']
B/o7/D,"['D', 'F', 'A', 'B']",['vii'],['7'],['m']
B/D#,"['E-', 'F#', 'B']",['VII'],[],['M']
A-7alter#5,"['A-', 'C', 'E-', 'F#']",['VI'],['7'],['M']
C7addb13,"['C', 'E', 'G', 'B-', 'A-']",['I'],"['7', '13']",['M']
D/A,"['A', 'D', 'F#']",['II'],[],['M']
F#7addb13,"['F#', 'B-', 'C#', 'E', 'D']",['IV'],"['7', '13']",['M']
E-7addb13,"['E-', 'G', 'B-', 'C#', 'B']",['III'],"['7', '13']",['M']
F7alter#3addb9,"['F', 'A', 'C', 'E-', 'F#']",['IV'],"['7', '9']",['M']
E-6/G,"['G', 'B-', 'C', 'E-']",['III'],['6'],['M']
Dadd11,"['D', 'F#', 'A', 'G']",['II'],['11'],['M']
E/D,"['D', 'E', 'A-', 'B']",['III'],[],['M']
Gadd11,"['G', 'B', 'D', 'C']",['V'],['11'],['M']
D9/F#,"['F#', 'A', 'C', 'D', 'E']",['II'],['9'],['M']
Fadd11,"['F', 'A', 'C', 'B-']",['IV'],['11'],['M']
Cadd11,"['C', 'E', 'G', 'F']",['I'],['11'],['M']
E-add11,"['E-', 'G', 'B-', 'A-']",['III'],['11'],['M']
A-maj7/C,"['C', 'E-', 'G', 'A-']",['VI'],['7'],['M']
A-6/C,"['C', 'E-', 'F', 'A-']",['VI'],['6'],['M']
Fm9/C,"['C', 'E-', 'F', 'G', 'A-']",['iv'],['9'],['m']
E-/B-,"['B-', 'E-', 'G']",['III'],[],['M']
Am9/D,"['D', 'A', 'C', 'E', 'G', 'B']",['vi'],['9'],['m']
E-m/D,"['D', 'E-', 'F#', 'B-']",['iii'],[],['m']
F#power,"['F#', 'C#']",['iv'],[],['m']
Em7/D,"['D', 'E', 'G', 'B']",['iii'],['7'],['m']
F7add#11,"['F', 'A', 'C', 'E-', 'B']",['IV'],"['7', '11']",['M']
F#m11,"['F#', 'A', 'C#', 'E', 'A-', 'B']",['iv'],['11'],['m']
Dm6/F,"['F', 'A', 'B', 'D']",['ii'],['6'],['m']
A-7alter#3,"['A-', 'C', 'E-', 'F#']",['VI'],['7'],['M']
A-7add#11,"['A-', 'C', 'E-', 'F#', 'D']",['VI'],"['7', '11']",['M']
G-7add#11,"['F#', 'B-', 'C#', 'E', 'C']",['V'],"['7', '11']",['M']
Am6/F#add9,"['F#', 'A', 'C', 'E', 'F#', 'B']",['vi'],"['6', '9']",['m']
EmM7,"['E', 'G', 'B', 'E-']",['iii'],['7'],['m']
F7/E-,"['E-', 'F', 'A', 'C']",['IV'],['7'],['M']
B-m9/C,"['C', 'B-', 'C#', 'F', 'A-']",['vii'],['9'],['m']
F#7add#11,"['F#', 'B-', 'C#', 'E', 'C']",['IV'],"['7', '11']",['M']
Fmaj7alter#5,"['F', 'A', 'C', 'E']",['IV'],['7'],['M']
A-9/E-,"['E-', 'F#', 'A-', 'B-', 'C']",['VI'],['9'],['M']
E7/F##add#9,"['G', 'B', 'D', 'E', 'A-']",['III'],"['7', '9']",['M']
D7addb13,"['D', 'F#', 'A', 'C', 'B-']",['II'],"['7', '13']",['M']
F6/Gadd9,"['G', 'C', 'D', 'F', 'A']",['IV'],"['6', '9']",['M']
D7addb9add#11,"['D', 'F#', 'A', 'C', 'E-', 'A-']",['II'],"['7', '9', '11']",['M']
B/o7/F,"['F', 'A', 'B', 'D']",['vii'],['7'],['m']
Cm/A,"['A', 'C', 'E-', 'G']",['i'],[],['m']
B7/Caddb9,"['C', 'F#', 'A', 'B', 'E-']",['VII'],"['7', '9']",['M']
A7add#11,"['A', 'C#', 'E', 'G', 'E-']",['VI'],"['7', '11']",['M']
C#7add#9,"['C#', 'F', 'A-', 'B', 'E-#']",['I'],"['7', '9']",['M']
Fm9/E-,"['E-', 'G', 'F', 'A-', 'C']",['iv'],['9'],['m']
B-6/Cadd9,"['C', 'B-', 'D', 'F', 'G', 'C']",['VII'],"['6', '9']",['M']
E-7/E,"['E', 'E-', 'G', 'B-', 'C#']",['III'],['7'],['M']
EM9,"['E', 'A-', 'B', 'E-', 'F#']",['III'],['9'],['M']
D-mM7,"['C#', 'E', 'A-', 'C']",['ii'],['7'],['m']
C#7/G#,"['A-', 'B', 'C#', 'F']",['I'],['7'],['M']
G#7alter#3,"['A-', 'C', 'E-', 'F#']",['V'],['7'],['M']
E#dim,"['F', 'A-', 'B']",['iii'],['dim'],['m']
G-9alter#3,"['F#', 'B-', 'C#', 'E', 'A-']",['V'],['9'],['M']
C-7addb9,"['B', 'E-', 'F#', 'A', 'C']",['I'],"['7', '9']",['M']
D-9alter#3,"['C#', 'F', 'A-', 'B', 'E-']",['II'],['9'],['M']
G-6add9,"['F#', 'B-', 'C#', 'E-', 'A-']",['V'],"['6', '9']",['M']
F7addb9add#11,"['F', 'A', 'C', 'E-', 'F#', 'B']",['IV'],"['7', '9', '11']",['M']
C-m9alterb5,"['B', 'D', 'F#', 'A', 'C#']",['i'],['9'],['m']
F-13alterb9,"['E', 'A-', 'B', 'D', 'F#', 'A', 'C#']",['IV'],"['9', '13']",['M']
F-/o7,"['E', 'G', 'B-', 'D']",['iv'],['7'],['m']
A7/G,"['G', 'A', 'C#', 'E']",['VI'],['7'],['M']
E-/o7,"['E-', 'F#', 'A', 'C#']",['iii'],['7'],['m']
F7/F#,"['F#', 'F', 'A', 'C', 'E-']",['IV'],['7'],['M']
A7/D#,"['E-', 'A', 'C#', 'E', 'G']",['VI'],['7'],['M']
Em/D,"['D', 'E', 'G', 'B']",['iii'],[],['m']
E-maj7/G,"['G', 'B-', 'D', 'E-']",['III'],['7'],['M']
B-dim/D-,"['C#', 'E', 'B-']",['vii'],['dim'],['m']
Bm/E,"['E', 'B', 'D', 'F#']",['vii'],[],['m']
G-maj7/D-,"['C#', 'F', 'F#', 'B-']",['V'],['7'],['M']
E-m6/G-,"['F#', 'B-', 'C', 'E-']",['iii'],['6'],['m']
F7addb13,"['F', 'A', 'C', 'E-', 'C#']",['IV'],"['7', '13']",['M']
G-m6/B--,"['A', 'C#', 'E-', 'F#']",['v'],['6'],['m']
D-maj7/A-,"['A-', 'C', 'C#', 'F']",['II'],['7'],['M']
D-7add#11,"['C#', 'F', 'A-', 'B', 'G']",['II'],"['7', '11']",['M']
B-m7/F,"['F', 'A-', 'B-', 'C#']",['vii'],['7'],['m']
D#7add#9,"['E-', 'G', 'B-', 'C#', 'F#']",['II'],"['7', '9']",['M']
A#7addb9,"['B-', 'D', 'F', 'A-', 'B']",['VI'],"['7', '9']",['M']
E#/o7,"['F', 'A-', 'B', 'E-']",['iii'],['7'],['m']
G#13/A#alter#3alterb9alter#11,"['B-', 'C#', 'F', 'A-', 'C', 'E-', 'F#']",['V'],"['9', '11', '13']",['M']
D#13/A#alter#3alterb9alter#11,"['B-', 'C', 'C#', 'E-', 'F', 'G', 'A-']",['II'],"['9', '11', '13']",['M']
E13/Dalter#3alterb9alter#11,"['D', 'F#', 'A', 'C#', 'E', 'A-', 'B']",['III'],"['9', '11', '13']",['M']
C#/D,"['D', 'C#', 'F', 'A-']",['I'],[],['M']
CmM7/C#,"['C#', 'C', 'E-', 'G', 'B']",['i'],['7'],['m']
D13/F#alter#3alterb5,"['F#', 'G', 'A', 'B', 'C', 'D', 'E']",['II'],['13'],['M']
G9/C#alter#3alterb5,"['C#', 'G', 'B', 'D', 'F', 'A']",['V'],['9'],['M']
F#maj7/G#,"['A-', 'F#', 'B-', 'C#', 'F']",['IV'],['7'],['M']
Fmaj7/Aalter#5,"['A', 'C', 'E', 'F']",['IV'],['7'],['M']
G#/G,"['G', 'A-', 'C', 'E-']",['V'],[],['M']
Emaj7/F#,"['F#', 'E', 'A-', 'B', 'E-']",['III'],['7'],['M']
C#7/F#alterb5addb9,"['F#', 'C#', 'F', 'A-', 'B', 'D']",['I'],"['7', '9']",['M']
F#/E,"['E', 'F#', 'B-', 'C#']",['IV'],[],['M']
B13/Ealter#3alterb9,"['E', 'A-', 'B', 'E-', 'F#', 'A', 'C#']",['VII'],"['9', '13']",['M']
G13/Falter#3alterb9alter#11,"['F', 'A', 'C', 'E', 'G', 'B', 'D']",['V'],"['9', '11', '13']",['M']
C7/Ealter#3addb9,"['E', 'G', 'B-', 'C', 'C#']",['I'],"['7', '9']",['M']
G7addb9add#11addb13,"['G', 'B', 'D', 'F', 'A-', 'C#', 'E-']",['V'],"['7', '9', '11', '13']",['M']
D13/Galter#3alterb9alter#11,"['G', 'B', 'D', 'F#', 'A', 'C', 'E']",['II'],"['9', '11', '13']",['M']
F/Cadd11,"['C', 'F', 'A', 'B-']",['IV'],['11'],['M']
B-/Fadd11,"['F', 'B-', 'D', 'E-']",['VII'],['11'],['M']
E-7/B-,"['B-', 'C#', 'E-', 'G']",['III'],['7'],['M']
Dmaj7/A,"['A', 'C#', 'D', 'F#']",['II'],['7'],['M']
Am/D,"['D', 'A', 'C', 'E']",['vi'],[],['m']
F/Gadd9,"['G', 'A', 'C', 'F']",['IV'],['9'],['M']
B-M9/F,"['F', 'A', 'B-', 'C', 'D']",['VII'],['9'],['M']
F+/G,"['G', 'F', 'A', 'C#']",['IV'],[],['M']
F-m9,"['E', 'G', 'B', 'D', 'F#']",['iv'],['9'],['m']
E--m9alterb5,"['D', 'F', 'A', 'C', 'E']",['iii'],['9'],['m']
F-7addb9,"['E', 'A-', 'B', 'D', 'F']",['IV'],"['7', '9']",['M']
B--m9,"['A', 'C', 'E', 'G', 'B']",['vii'],['9'],['m']
G-m9alterb5,"['F#', 'A', 'C#', 'E', 'A-']",['v'],['9'],['m']
C-7addb13,"['B', 'E-', 'F#', 'A', 'G']",['I'],"['7', '13']",['M']
B--7alter#5,"['A', 'C#', 'E', 'G']",['VII'],['7'],['M']
Fm6add9,"['F', 'A-', 'C', 'D', 'G']",['iv'],"['6', '9']",['m']
C7+addb9,"['C', 'E', 'A-', 'B-', 'C#']",['I'],"['7', '9']",['M']
G-M9add#11,"['F#', 'B-', 'C#', 'F', 'A-', 'C']",['V'],"['9', '11']",['M']
AmM7/G#,"['A-', 'A', 'C', 'E']",['vi'],['7'],['m']
G#m/B,"['B', 'E-', 'A-']",['v'],[],['m']
E/o7/G,"['G', 'B-', 'D', 'E']",['iii'],['7'],['m']
E/o7/B-,"['B-', 'D', 'E', 'G']",['iii'],['7'],['m']
A7/D#alterb5,"['E-', 'A', 'C#', 'E', 'G']",['VI'],['7'],['M']
D/o7/G#,"['A-', 'D', 'F', 'A-', 'C']",['ii'],['7'],['m']
G7/G#addb9,"['A-', 'G', 'B', 'D', 'F', 'A-']",['V'],"['7', '9']",['M']
E#m7/B#,"['C', 'E-', 'F', 'A-']",['iii'],['7'],['m']
G#7/Aaddb9,"['A', 'A-', 'C', 'E-', 'F#', 'A']",['V'],"['7', '9']",['M']
D#m7/A#,"['B-', 'C#', 'E-', 'F#']",['ii'],['7'],['m']
G#7/B#,"['C', 'E-', 'F#', 'A-']",['V'],['7'],['M']
A7/B-addb9,"['B-', 'C#', 'E', 'G', 'A']",['VI'],"['7', '9']",['M']
A7addb9add#11,"['A', 'C#', 'E', 'G', 'B-', 'E-']",['VI'],"['7', '9', '11']",['M']
G-m11,"['F#', 'A', 'C#', 'E', 'A-', 'B']",['v'],['11'],['m']
E-7add#9,"['E-', 'G', 'B-', 'C#', 'F#']",['III'],"['7', '9']",['M']
A-7addb9,"['A-', 'C', 'E-', 'F#', 'A']",['VI'],"['7', '9']",['M']
D-13alterb5,"['C#', 'F', 'A-', 'B', 'E-', 'F#', 'B-']",['II'],['13'],['M']
Gdim/D-,"['C#', 'G', 'B-']",['v'],['dim'],['m']
A-dim/D,"['D', 'A-', 'B', 'D']",['vi'],['dim'],['m']
B-7add#11,"['B-', 'D', 'F', 'A-', 'E']",['VII'],"['7', '11']",['M']
B--maj7,"['A', 'C#', 'E', 'A-']",['VII'],['7'],['M']
B--6add9,"['A', 'C#', 'E', 'F#', 'B']",['VII'],"['6', '9']",['M']
G-13alterb5,"['F#', 'B-', 'C#', 'E', 'A-', 'B', 'E-']",['V'],['13'],['M']
C-7add#11,"['B', 'E-', 'F#', 'A', 'F']",['I'],"['7', '11']",['M']
D-/B,"['B', 'C#', 'F', 'A-']",['II'],[],['M']
D-7/A-,"['A-', 'B', 'C#', 'F']",['II'],['7'],['M']
B-maj7/D,"['D', 'F', 'A', 'B-']",['VII'],['7'],['M']
F9/Calter#3,"['C', 'E-', 'G', 'F', 'A']",['IV'],['9'],['M']
A#power/E#,"['F', 'B-']",['vi'],[],['m']
Bm7/E,"['E', 'B', 'D', 'F#', 'A']",['vii'],['7'],['m']
Fdim/A-,"['A-', 'B', 'F']",['iv'],['dim'],['m']
F#dim/E,"['E', 'F#', 'A', 'C']",['iv'],['dim'],['m']
A9/G,"['G', 'B', 'A', 'C#', 'E']",['VI'],['9'],['M']
A-7/E-,"['E-', 'F#', 'A-', 'C']",['VI'],['7'],['M']
AmM7/C,"['C', 'E', 'A-', 'A']",['vi'],['7'],['m']
D-maj7/E,"['E', 'C#', 'F', 'A-', 'C']",['II'],['7'],['M']
C-maj7/D-,"['C#', 'B', 'E-', 'F#', 'B-']",['I'],['7'],['M']
E#maj7,"['F', 'A', 'C', 'E-#']",['III'],['7'],['M']
B#,"['C', 'E-#', 'G']",['VII'],[],['M']
C#6/G#add9,"['A-', 'B-', 'C#', 'E-', 'F']",['I'],"['6', '9']",['M']
E13/B,"['B', 'D', 'F#', 'A', 'C#', 'E', 'A-']",['III'],['13'],['M']
G/o7/C,"['C', 'G', 'B-', 'C#', 'F']",['v'],['7'],['m']
G7/C#,"['C#', 'G', 'B', 'D', 'F']",['V'],['7'],['M']
F13/B-,"['B-', 'D', 'F', 'A', 'C', 'E-', 'G']",['IV'],['13'],['M']
E-/Dadd11,"['D', 'E-', 'G', 'B-', 'A-']",['III'],['11'],['M']
B7/C##add#9,"['D', 'E-', 'F#', 'A', 'B']",['VII'],"['7', '9']",['M']
E-13alter#11,"['E-', 'G', 'B-', 'C#', 'F', 'A-', 'C']",['III'],"['11', '13']",['M']
Dm6/A,"['A', 'B', 'D', 'F']",['ii'],['6'],['m']
Am9/E,"['E', 'G', 'B', 'A', 'C']",['vi'],['9'],['m']
Dm9/A,"['A', 'C', 'D', 'E', 'F']",['ii'],['9'],['m']
A6/C#,"['C#', 'E', 'F#', 'A']",['VI'],['6'],['M']
Em9alterb5,"['E', 'G', 'B', 'D', 'F#']",['iii'],['9'],['m']
D-maj7/F,"['F', 'A-', 'C', 'C#']",['II'],['7'],['M']
E-m7/A-,"['A-', 'E-', 'F#', 'B-', 'C#']",['iii'],['7'],['m']
A-9/G-,"['F#', 'B-', 'A-', 'C', 'E-']",['VI'],['9'],['M']
E13alter#3,"['E', 'A-', 'B', 'D', 'F#', 'A', 'C#']",['III'],['13'],['M']
D#7add#11,"['E-', 'G', 'B-', 'C#', 'A']",['II'],"['7', '11']",['M']
C-/o7,"['B', 'D', 'F', 'A']",['i'],['7'],['m']
A-7/G-,"['F#', 'A-', 'C', 'E-']",['VI'],['7'],['M']
Fm6/G,"['G', 'F', 'A-', 'C', 'D']",['iv'],['6'],['m']
Gm/C,"['C', 'G', 'B-', 'D']",['v'],[],['m']
C#M9,"['C#', 'F', 'A-', 'C', 'E-']",['I'],['9'],['M']
C#9alter#3,"['C#', 'F', 'A-', 'B', 'E-']",['I'],['9'],['M']
A7/D,"['D', 'A', 'C#', 'E', 'G']",['VI'],['7'],['M']
C9/B-,"['B-', 'D', 'C', 'E', 'G']",['I'],['9'],['M']
Gsusadd7,"['G', 'C', 'D', 'F#']",['v'],"['sus', '7']",['m']
F#13alter#11,"['F#', 'B-', 'C#', 'E', 'A-', 'B', 'E-']",['IV'],"['11', '13']",['M']
E-/C#,"['C#', 'E-', 'G', 'B-']",['III'],[],['M']
F6/G,"['G', 'F', 'A', 'C', 'D']",['IV'],['6'],['M']
G7/C,"['C', 'G', 'B', 'D', 'F']",['V'],['7'],['M']
G9/C,"['C', 'G', 'B', 'D', 'F', 'A']",['V'],['9'],['M']
Am/F,"['F', 'A', 'C', 'E']",['vi'],[],['m']
E7add#11,"['E', 'A-', 'B', 'D', 'B-']",['III'],"['7', '11']",['M']
A7/C#alterb5,"['C#', 'E', 'G', 'A']",['VI'],['7'],['M']
F#/D,"['D', 'F#', 'B-', 'C#']",['IV'],[],['M']
F9/B,"['B', 'F', 'A', 'C', 'E-', 'G']",['IV'],['9'],['M']
Cm6/D#,"['E-', 'C', 'E-', 'G', 'A']",['i'],['6'],['m']
B-m/C#,"['C#', 'B-', 'C#', 'F']",['vii'],[],['m']
A#,"['B-', 'D', 'F']",['VI'],[],['M']
A-maj7/D-,"['C#', 'A-', 'C', 'E-', 'G']",['VI'],['7'],['M']
D#+,"['E-', 'G', 'B']",['II'],[],['M']
Fm/E,"['E', 'F', 'A-', 'C']",['iv'],[],['m']
E-/C,"['C', 'E-', 'G', 'B-']",['III'],[],['M']
G#7/D#,"['E-', 'F#', 'A-', 'C']",['V'],['7'],['M']
G#6,"['A-', 'C', 'E-', 'F']",['V'],['6'],['M']
B-m6/G,"['G', 'B-', 'C#', 'F', 'G']",['vii'],['6'],['m']
C#dim/A#,"['B-', 'C#', 'E', 'G']",['i'],['dim'],['m']
B--7addb9,"['A', 'C#', 'E', 'G', 'B-']",['VII'],"['7', '9']",['M']
D--,"['C', 'E', 'G']",['II'],[],['M']
G--,"['F', 'A', 'C']",['V'],[],['M']
G--maj7,"['F', 'A', 'C', 'E']",['V'],['7'],['M']
D11alter#5alter#11,"['D', 'F#', 'A', 'C', 'E', 'G']",['II'],['11'],['M']
D-6/C,"['C', 'C#', 'F', 'A-', 'B-']",['II'],['6'],['M']
B-7alter#5addb9,"['B-', 'D', 'F', 'A-', 'B']",['VII'],"['7', '9']",['M']
E--maj7,"['D', 'F#', 'A', 'C#']",['III'],['7'],['M']
C/Dadd9,"['D', 'E', 'G', 'C']",['I'],['9'],['M']
G-dim/C,"['C', 'F#', 'A', 'C']",['v'],['dim'],['m']
E9/B,"['B', 'D', 'E', 'F#', 'A-']",['III'],['9'],['M']
G7/Balter#5,"['B', 'D', 'F', 'G']",['V'],['7'],['M']
A-dim/F,"['F', 'A-', 'B', 'D']",['vi'],['dim'],['m']
F9/C,"['C', 'E-', 'F', 'G', 'A']",['IV'],['9'],['M']
Bm7/F#,"['F#', 'A', 'B', 'D']",['vii'],['7'],['m']
Bm/D,"['D', 'F#', 'B']",['vii'],[],['m']
C6/D,"['D', 'C', 'E', 'G', 'A']",['I'],['6'],['M']
E-maj7/D,"['D', 'E-', 'G', 'B-']",['III'],['7'],['M']
D--/E--add9,"['D', 'G', 'C', 'E']",['II'],['9'],['M']
G--/A--add9,"['G', 'A', 'C', 'F']",['V'],['9'],['M']
A--9,"['G', 'B', 'D', 'F', 'A']",['VI'],['9'],['M']
D--add9,"['C', 'E', 'G', 'D']",['II'],['9'],['M']
G--/D--add9,"['C', 'F', 'G', 'A']",['V'],['9'],['M']
D--/C-add9,"['B', 'C', 'E', 'G', 'D']",['II'],['9'],['M']
D--m,"['C', 'E-', 'G']",['ii'],[],['m']
D--m/B-,"['B-', 'C', 'E-', 'G']",['ii'],[],['m']
A--M9,"['G', 'B', 'D', 'F#', 'A']",['VI'],['9'],['M']
A--maj7alter#5,"['G', 'B', 'D', 'F#']",['VI'],['7'],['M']
E--7addb9,"['D', 'F#', 'A', 'C', 'E-']",['III'],"['7', '9']",['M']
D--maj7/C-,"['B', 'C', 'E', 'G']",['II'],['7'],['M']
B--m,"['A', 'C', 'E']",['vii'],[],['m']
D--7/A--,"['G', 'B-', 'C', 'E']",['II'],['7'],['M']
G--add9,"['F', 'A', 'C', 'G']",['V'],['9'],['M']
E--m7/D--,"['C', 'D', 'F', 'A']",['iii'],['7'],['m']
A--9/D--alter#3,"['C', 'G', 'B', 'D', 'F', 'A']",['VI'],['9'],['M']
Bdim/G#,"['A-', 'B', 'D', 'F']",['vii'],['dim'],['m']
BM13,"['B', 'E-', 'F#', 'B-', 'C#', 'E', 'A-']",['VII'],['13'],['M']
Am/B-,"['B-', 'A', 'C', 'E']",['vi'],[],['m']
A/D,"['D', 'A', 'C#', 'E']",['VI'],[],['M']
B-m6add9,"['B-', 'C#', 'F', 'G', 'C']",['vii'],"['6', '9']",['m']
Bdim/C,"['C', 'B', 'D', 'F']",['vii'],['dim'],['m']
B-mM7/C,"['C', 'B-', 'C#', 'F', 'A']",['vii'],['7'],['m']
F-7alter#5,"['E', 'A-', 'B', 'D']",['IV'],['7'],['M']
C-13alter#3,"['B', 'E-', 'F#', 'A', 'C#', 'E', 'A-']",['I'],['13'],['M']
Gm11/C,"['C', 'G', 'B-', 'D', 'F', 'A']",['v'],['11'],['m']
C-M9add#11,"['B', 'E-', 'F#', 'B-', 'C#', 'F']",['I'],"['9', '11']",['M']
E7/Badd#9,"['B', 'D', 'E', 'G', 'A-']",['III'],"['7', '9']",['M']
A-mM7,"['A-', 'B', 'E-', 'G']",['vi'],['7'],['m']
G-/B-,"['B-', 'C#', 'F#']",['V'],[],['M']
B-/Aadd9,"['A', 'B-', 'D', 'F', 'C']",['VII'],['9'],['M']
G7+,"['G', 'B', 'E-', 'F']",['V'],['7'],['M']
C7+,"['C', 'E', 'A-', 'B-']",['I'],['7'],['M']
A7+,"['A', 'C#', 'F', 'G']",['VI'],['7'],['M']
G7alter#3addb9,"['G', 'B', 'D', 'F', 'A-']",['V'],"['7', '9']",['M']
D#dim/B#,"['C', 'E-', 'F#', 'A']",['ii'],['dim'],['m']
Am7/F,"['F', 'A', 'C', 'E', 'G']",['vi'],['7'],['m']
C#7/B,"['B', 'C#', 'F', 'A-']",['I'],['7'],['M']
G--6,"['F', 'A', 'C', 'D']",['V'],['6'],['M']
E--m,"['D', 'F', 'A']",['iii'],[],['m']
D--/F-,"['E', 'G', 'C']",['II'],[],['M']
G--9,"['F', 'A', 'C', 'E-', 'G']",['V'],['9'],['M']
A--dim,"['G', 'B-', 'C#']",['vi'],['dim'],['m']
Cdim/G-,"['F#', 'C', 'E-']",['i'],['dim'],['m']
Adim/B-,"['B-', 'A', 'C', 'E-']",['vi'],['dim'],['m']
A-7/D,"['D', 'A-', 'C', 'E-', 'F#']",['VI'],['7'],['M']
E7/A#,"['B-', 'E', 'A-', 'B', 'D']",['III'],['7'],['M']
G#7alterb5,"['A-', 'C', 'E-', 'F#']",['V'],['7'],['M']
B--7addb13,"['A', 'C#', 'E', 'G', 'F']",['VII'],"['7', '13']",['M']
Cm13,"['C', 'E-', 'G', 'B-', 'D', 'F', 'A']",['i'],['13'],['m']
D9/G#,"['A-', 'D', 'F#', 'A', 'C', 'E']",['II'],['9'],['M']
B/o7/G,"['G', 'B', 'D', 'F', 'A']",['vii'],['7'],['m']
Bdim/G,"['G', 'B', 'D', 'F']",['vii'],['dim'],['m']
F7/Galterb5,"['G', 'F', 'A', 'C', 'E-']",['IV'],['7'],['M']
G-9/F-,"['E', 'A-', 'F#', 'B-', 'C#']",['V'],['9'],['M']
F-13,"['E', 'A-', 'B', 'D', 'F#', 'A', 'C#']",['IV'],['13'],['M']
B-7/A-,"['A-', 'B-', 'D', 'F']",['VII'],['7'],['M']
D-m7/F-,"['E', 'A-', 'B', 'C#']",['ii'],['7'],['m']
A--6,"['G', 'B', 'D', 'E']",['VI'],['6'],['M']
B--m/F-,"['E', 'A', 'C']",['vii'],[],['m']
A--,"['G', 'B', 'D']",['VI'],[],['M']
D--/A--,"['G', 'C', 'E']",['II'],[],['M']
C-m6,"['B', 'D', 'F#', 'A-']",['i'],['6'],['m']
E--m6,"['D', 'F', 'A', 'B']",['iii'],['6'],['m']
A--sus,"['G', 'C', 'D']",['vi'],['sus'],['m']
A--m6,"['G', 'B-', 'D', 'E']",['vi'],['6'],['m']
A-m/E-,"['E-', 'A-', 'B']",['vi'],[],['m']
G--m6,"['F', 'A-', 'C', 'D']",['v'],['6'],['m']
D--/G--,"['F', 'C', 'E', 'G']",['II'],[],['M']
B--,"['A', 'C#', 'E']",['VII'],[],['M']
F-dim,"['E', 'G', 'B-']",['iv'],['dim'],['m']
G-maj7/C,"['C', 'F#', 'B-', 'C#', 'F']",['V'],['7'],['M']
G--m7,"['F', 'A-', 'C', 'E-']",['v'],['7'],['m']
G--m,"['F', 'A-', 'C']",['v'],[],['m']
D--m7,"['C', 'E-', 'G', 'B-']",['ii'],['7'],['m']
F-m11,"['E', 'G', 'B', 'D', 'F#', 'A']",['iv'],['11'],['m']
B--dim,"['A', 'C', 'E-']",['vii'],['dim'],['m']
G#9alter#5,"['A-', 'C', 'E-', 'F#', 'B-']",['V'],['9'],['M']
D6/E,"['E', 'D', 'F#', 'A', 'B']",['II'],['6'],['M']
Cmaj7/A,"['A', 'C', 'E', 'G', 'B']",['I'],['7'],['M']
Am13,"['A', 'C', 'E', 'G', 'B', 'D', 'F#']",['vi'],['13'],['m']
D7/G#,"['A-', 'D', 'F#', 'A', 'C']",['II'],['7'],['M']
Gm/A,"['A', 'G', 'B-', 'D']",['v'],[],['m']
D13/G,"['G', 'B', 'D', 'F#', 'A', 'C', 'E']",['II'],['13'],['M']
CM13alter#11,"['C', 'E', 'G', 'B', 'D', 'F', 'A']",['I'],"['11', '13']",['M']
F/Eadd9,"['E', 'F', 'A', 'C', 'G']",['IV'],['9'],['M']
B-maj7/A,"['A', 'B-', 'D', 'F']",['VII'],['7'],['M']
E7/G#alter#5,"['A-', 'B', 'D', 'E']",['III'],['7'],['M']
C#7/F#,"['F#', 'C#', 'F', 'A-', 'B']",['I'],['7'],['M']
C9/E,"['E', 'G', 'B-', 'C', 'D']",['I'],['9'],['M']
E#,"['F', 'A', 'C']",['III'],[],['M']
Em9/A,"['A', 'E', 'G', 'B', 'D', 'F#']",['iii'],['9'],['m']
Fm11/B-,"['B-', 'F', 'A-', 'C', 'E-', 'G']",['iv'],['11'],['m']
Fm9/B-,"['B-', 'F', 'A-', 'C', 'E-', 'G']",['iv'],['9'],['m']
G9/Calter#3,"['C', 'G', 'B', 'D', 'F', 'A']",['V'],['9'],['M']
Edim/C#,"['C#', 'E', 'G', 'B-']",['iii'],['dim'],['m']
C#m6/E,"['E', 'A-', 'B-', 'C#']",['i'],['6'],['m']
Fm7/E-,"['E-', 'F', 'A-', 'C']",['iv'],['7'],['m']
C/Fadd9,"['F', 'C', 'E', 'G', 'D']",['I'],['9'],['M']
C/B-add9,"['B-', 'C', 'E', 'G', 'D']",['I'],['9'],['M']
F/o7/B,"['B', 'F', 'A-', 'B', 'E-']",['iv'],['7'],['m']
D-m11,"['C#', 'E', 'A-', 'B', 'E-', 'F#']",['ii'],['11'],['m']
F##dim,"['G', 'B-', 'C#']",['iv'],['dim'],['m']
E6/B,"['B', 'C#', 'E', 'A-']",['III'],['6'],['M']
Dpower,"['D', 'A']",['ii'],[],['m']
Fpower/G,"['G', 'F', 'C']",['iv'],[],['m']
B-power/G,"['G', 'B-', 'F']",['vii'],[],['m']
Cpower/D,"['D', 'C', 'G']",['i'],[],['m']
Fpower/D,"['D', 'F', 'C']",['iv'],[],['m']
Gsus/D,"['D', 'G', 'C']",['v'],['sus'],['m']
G#9/D#,"['E-', 'F#', 'A-', 'B-', 'C']",['V'],['9'],['M']
Cm6add9,"['C', 'E-', 'G', 'A', 'D']",['i'],"['6', '9']",['m']
F#7/E,"['E', 'F#', 'B-', 'C#']",['IV'],['7'],['M']
F/Dadd9,"['D', 'F', 'A', 'C', 'G']",['IV'],['9'],['M']
B--maj7/C-,"['B', 'A', 'C#', 'E', 'A-']",['VII'],['7'],['M']
A-maj7/B-,"['B-', 'A-', 'C', 'E-', 'G']",['VI'],['7'],['M']
D-maj7/E-,"['E-', 'C#', 'F', 'A-', 'C']",['II'],['7'],['M']
E-7alter#3addb9,"['E-', 'G', 'B-', 'C#', 'E']",['III'],"['7', '9']",['M']
A-7alter#5addb9,"['A-', 'C', 'E-', 'F#', 'A']",['VI'],"['7', '9']",['M']
B--M9,"['A', 'C#', 'E', 'A-', 'B']",['VII'],['9'],['M']
D-7alter#5addb9,"['C#', 'F', 'A-', 'B', 'D']",['II'],"['7', '9']",['M']
B-maj7/C-,"['B', 'B-', 'D', 'F', 'A']",['VII'],['7'],['M']
E--maj7/F-,"['E', 'D', 'F#', 'A', 'C#']",['III'],['7'],['M']
F-7alter#3addb9,"['E', 'A-', 'B', 'D', 'F']",['IV'],"['7', '9']",['M']
E--M9,"['D', 'F#', 'A', 'C#', 'E']",['III'],['9'],['M']
E-maj7/F,"['F', 'E-', 'G', 'B-', 'D']",['III'],['7'],['M']
D/E-,"['E-', 'D', 'F#', 'A']",['II'],[],['M']
G#/B#,"['C', 'E-', 'A-']",['V'],[],['M']
D#m6/A#,"['B-', 'C', 'E-', 'F#']",['ii'],['6'],['m']
G#m6,"['A-', 'B', 'E-', 'F']",['v'],['6'],['m']
F##/o7,"['G', 'B-', 'C#', 'F']",['iv'],['7'],['m']
B#m7,"['C', 'E-', 'G', 'B-']",['vii'],['7'],['m']
E-/C-,"['B', 'E-', 'G', 'B-']",['III'],[],['M']
F/D-,"['C#', 'F', 'A', 'C']",['IV'],[],['M']
B-6/Fadd9,"['F', 'G', 'B-', 'C', 'D']",['VII'],"['6', '9']",['M']
Cm7/F#,"['F#', 'C', 'E-', 'G', 'B-']",['i'],['7'],['m']
Cm7/F,"['F', 'C', 'E-', 'G', 'B-']",['i'],['7'],['m']
A-9/D,"['D', 'A-', 'C', 'E-', 'F#', 'B-']",['VI'],['9'],['M']
C7/D-addb9,"['C#', 'E', 'G', 'B-', 'C']",['I'],"['7', '9']",['M']
Fm6/D,"['D', 'F', 'A-', 'C', 'D']",['iv'],['6'],['m']
C6/B-,"['B-', 'C', 'E', 'G', 'A']",['I'],['6'],['M']
E-sus,"['E-', 'A-', 'B-']",['iii'],['sus'],['m']
B-maj7alterb5,"['B-', 'D', 'F', 'A']",['VII'],['7'],['M']
GM9add#11,"['G', 'B', 'D', 'F#', 'A', 'C#']",['V'],"['9', '11']",['M']
E-M9add#11,"['E-', 'G', 'B-', 'D', 'F', 'A']",['III'],"['9', '11']",['M']
G/C#add11,"['C#', 'G', 'B', 'D', 'C']",['V'],['11'],['M']
B6add9,"['B', 'E-', 'F#', 'A-', 'C#']",['VII'],"['6', '9']",['M']
D7/G#alter#5,"['A-', 'D', 'F#', 'A', 'C']",['II'],['7'],['M']
A/o7/G,"['G', 'A', 'C', 'E-']",['vi'],['7'],['m']
Emaj7/D#,"['E-', 'E', 'A-', 'B']",['III'],['7'],['M']
Cm/B,"['B', 'C', 'E-', 'G']",['i'],[],['m']
D/o7/G,"['G', 'D', 'F', 'A-', 'C']",['ii'],['7'],['m']
C6/C#,"['C#', 'C', 'E', 'G', 'A']",['I'],['6'],['M']
G7/C#alterb5,"['C#', 'G', 'B', 'D', 'F']",['V'],['7'],['M']
A7/Ealterb5,"['E', 'G', 'A', 'C#']",['VI'],['7'],['M']
G7/C#alterb5addb9,"['C#', 'G', 'B', 'D', 'F', 'A-']",['V'],"['7', '9']",['M']
B7/C,"['C', 'B', 'E-', 'F#', 'A']",['VII'],['7'],['M']
C#/o7/G,"['G', 'B', 'C#', 'E']",['i'],['7'],['m']
D9/G,"['G', 'D', 'F#', 'A', 'C', 'E']",['II'],['9'],['M']
Am6/G,"['G', 'A', 'C', 'E', 'F#']",['vi'],['6'],['m']
D-m6/G,"['G', 'C#', 'E', 'A-', 'B-']",['ii'],['6'],['m']
B#dim,"['C', 'E-', 'F#']",['vii'],['dim'],['m']
A/Eadd9,"['E', 'A', 'B', 'C#']",['VI'],['9'],['M']
B-m/E-,"['E-', 'B-', 'C#', 'F']",['vii'],[],['m']
C13/G,"['G', 'B-', 'D', 'F', 'A', 'C', 'E']",['I'],['13'],['M']
B7/E#addb9,"['F', 'B', 'E-', 'F#', 'A', 'C']",['VII'],"['7', '9']",['M']
Edim/D,"['D', 'E', 'G', 'B-']",['iii'],['dim'],['m']
Adim/F#,"['F#', 'A', 'C', 'E-']",['vi'],['dim'],['m']
E-/Dalterb5,"['D', 'E-', 'G', 'B-']",['III'],[],['M']
Balterb5,"['B', 'E-', 'F#']",['VII'],[],['M']
B-alterb5,"['B-', 'D', 'F']",['VII'],[],['M']
Falterb5,"['F', 'A', 'C']",['IV'],[],['M']
A#m7/D#,"['E-', 'B-', 'C#', 'F', 'A-']",['vi'],['7'],['m']
G#m7/D#,"['E-', 'F#', 'A-', 'B']",['v'],['7'],['m']
B/A#,"['B-', 'B', 'E-', 'F#']",['VII'],[],['M']
Asus/D,"['D', 'E', 'A']",['vi'],['sus'],['m']
Asus/B,"['B', 'A', 'D', 'E']",['vi'],['sus'],['m']
A-maj7/E-,"['E-', 'G', 'A-', 'C']",['VI'],['7'],['M']
Am7/F#,"['F#', 'A', 'C', 'E', 'G']",['vi'],['7'],['m']
C7addb9add#11,"['C', 'E', 'G', 'B-', 'C#', 'F#']",['I'],"['7', '9', '11']",['M']
A--9/B--,"['A', 'G', 'B', 'D', 'F']",['VI'],['9'],['M']
F-sus,"['E', 'A', 'B']",['iv'],['sus'],['m']
E--,"['D', 'F#', 'A']",['III'],[],['M']
Cm7/E-,"['E-', 'G', 'B-', 'C']",['i'],['7'],['m']
B13/F#alterb5,"['F#', 'A-', 'A', 'B', 'C#', 'E-', 'E']",['VII'],['13'],['M']
Bdim/F,"['F', 'B', 'D']",['vii'],['dim'],['m']
F#m7/E,"['E', 'F#', 'A', 'C#']",['iv'],['7'],['m']
Dm11/G,"['G', 'D', 'F', 'A', 'C', 'E']",['ii'],['11'],['m']
D-add9,"['C#', 'F', 'A-', 'E-']",['II'],['9'],['M']
A-+/C,"['C', 'E', 'A-']",['VI'],[],['M']
C-/B-,"['B-', 'B', 'E-', 'F#']",['I'],[],['M']
G-6,"['F#', 'B-', 'C#', 'E-']",['V'],['6'],['M']
B-7addb9add#11,"['B-', 'D', 'F', 'A-', 'B', 'E']",['VII'],"['7', '9', '11']",['M']
F#7/C#,"['C#', 'E', 'F#', 'B-']",['IV'],['7'],['M']
A#m6add9,"['B-', 'C#', 'F', 'G', 'C']",['vi'],"['6', '9']",['m']
C/D-,"['C#', 'C', 'E', 'G']",['I'],[],['M']
E-/D-,"['C#', 'E-', 'G', 'B-']",['III'],[],['M']
F-/G-,"['F#', 'E', 'A-', 'B']",['IV'],[],['M']
A-/D-,"['C#', 'A-', 'C', 'E-']",['VI'],[],['M']
G-/C,"['C', 'F#', 'B-', 'C#']",['V'],[],['M']
C-/C,"['C', 'B', 'E-', 'F#']",['I'],[],['M']
F-/A-,"['A-', 'B', 'E']",['IV'],[],['M']
A/A-,"['A-', 'A', 'C#', 'E']",['VI'],[],['M']
G/A-,"['A-', 'G', 'B', 'D']",['V'],[],['M']
D-/E--,"['D', 'C#', 'F', 'A-']",['II'],[],['M']
A/B,"['B', 'A', 'C#', 'E']",['VI'],[],['M']
E-/A-,"['A-', 'E-', 'G', 'B-']",['III'],[],['M']
D-/B-,"['B-', 'C#', 'F', 'A-']",['II'],[],['M']
A-/F,"['F', 'A-', 'C', 'E-']",['VI'],[],['M']
A--/F-,"['E', 'G', 'B', 'D']",['VI'],[],['M']
B--/G-,"['F#', 'A', 'C#', 'E']",['VII'],[],['M']
C-/F-,"['E', 'B', 'E-', 'F#']",['I'],[],['M']
F-/D-,"['C#', 'E', 'A-', 'B']",['IV'],[],['M']
G-/E-,"['E-', 'F#', 'B-', 'C#']",['V'],[],['M']
D-/G-,"['F#', 'C#', 'F', 'A-']",['II'],[],['M']
D7/E-addb9,"['E-', 'D', 'F#', 'A', 'C', 'E-']",['II'],"['7', '9']",['M']
A--m9,"['G', 'B-', 'D', 'F', 'A']",['vi'],['9'],['m']
F-7alter#5add#9,"['E', 'A-', 'B', 'D', 'G']",['IV'],"['7', '9']",['M']
B--m6,"['A', 'C', 'E', 'F#']",['vii'],['6'],['m']
C7/B-add#11,"['B-', 'C', 'E', 'F#', 'G']",['I'],"['7', '11']",['M']
D#m/F#,"['F#', 'B-', 'E-']",['ii'],[],['m']
E9add#11,"['E', 'A-', 'B', 'D', 'F#', 'B-']",['III'],"['9', '11']",['M']
C/Eadd9,"['E', 'G', 'C', 'D']",['I'],['9'],['M']
A-6/B-,"['B-', 'A-', 'C', 'E-', 'F']",['VI'],['6'],['M']
G/Aadd9,"['A', 'B', 'D', 'G']",['V'],['9'],['M']
Gmaj7/A,"['A', 'G', 'B', 'D', 'F#']",['V'],['7'],['M']
D6/A,"['A', 'B', 'D', 'F#']",['II'],['6'],['M']
B-6/C,"['C', 'B-', 'D', 'F', 'G']",['VII'],['6'],['M']
E--/G-,"['F#', 'A', 'D']",['III'],[],['M']
C-m7/G-,"['F#', 'A', 'B', 'D']",['i'],['7'],['m']
DmM7/C#,"['C#', 'D', 'F', 'A']",['ii'],['7'],['m']
B-/A-add9,"['A-', 'B-', 'D', 'F', 'C']",['VII'],['9'],['M']
E-M13,"['E-', 'G', 'B-', 'D', 'F', 'A-', 'C']",['III'],['13'],['M']
Dmaj7/C#,"['C#', 'D', 'F#', 'A']",['II'],['7'],['M']
C-/F,"['F', 'B', 'E-', 'F#']",['I'],[],['M']
C-/E-,"['E-', 'F#', 'B']",['I'],[],['M']
E/o7/D,"['D', 'E', 'G', 'B-']",['iii'],['7'],['m']
A7/C#addb9,"['C#', 'E', 'G', 'A', 'B-']",['VI'],"['7', '9']",['M']
B9/F#,"['F#', 'A', 'C#', 'B', 'E-']",['VII'],['9'],['M']
E-7/D-,"['C#', 'E-', 'G', 'B-']",['III'],['7'],['M']
Em/C#,"['C#', 'E', 'G', 'B']",['iii'],[],['m']
B-9/F,"['F', 'A-', 'B-', 'C', 'D']",['VII'],['9'],['M']
B-m/A-,"['A-', 'B-', 'C#', 'F']",['vii'],[],['m']
E/A-,"['A-', 'E', 'A-', 'B']",['III'],[],['M']
FmM7/D,"['D', 'F', 'A-', 'C', 'E']",['iv'],['7'],['m']
Gmaj7/Balter#5,"['B', 'D', 'F#', 'G']",['V'],['7'],['M']
D/C#,"['C#', 'D', 'F#', 'A']",['II'],[],['M']
F7/D,"['D', 'F', 'A', 'C', 'E-']",['IV'],['7'],['M']
B-6/D,"['D', 'F', 'G', 'B-']",['VII'],['6'],['M']
F#sus/B,"['B', 'C#', 'F#']",['iv'],['sus'],['m']
FM13,"['F', 'A', 'C', 'E', 'G', 'B-', 'D']",['IV'],['13'],['M']
Ddim/G,"['G', 'D', 'F', 'A-']",['ii'],['dim'],['m']
G#7/F#,"['F#', 'A-', 'C', 'E-']",['V'],['7'],['M']
A9/Ealter#3,"['E', 'G', 'B', 'A', 'C#']",['VI'],['9'],['M']
G#dim/E#,"['F', 'A-', 'B', 'D']",['v'],['dim'],['m']
D6/F#,"['F#', 'A', 'B', 'D']",['II'],['6'],['M']
D9/Aalter#3,"['A', 'C', 'D', 'E', 'F#']",['II'],['9'],['M']
A13/Ealter#3,"['E', 'G', 'B', 'D', 'F#', 'A', 'C#']",['VI'],['13'],['M']
E7/F,"['F', 'E', 'A-', 'B', 'D']",['III'],['7'],['M']
Fmadd9,"['F', 'A-', 'C', 'G']",['iv'],['9'],['m']
A/F,"['F', 'A', 'C#', 'E']",['VI'],[],['M']
Dm11/F,"['F', 'G', 'A', 'C', 'D', 'E']",['ii'],['11'],['m']
Fmaj7/Dalter#5,"['D', 'F', 'A', 'C', 'E']",['IV'],['7'],['M']
Gmaj7/D,"['D', 'F#', 'G', 'B']",['V'],['7'],['M']
B#maj7,"['C', 'E-#', 'G', 'B']",['VII'],['7'],['M']
B#/G,"['G', 'C', 'E-#', 'G']",['VII'],[],['M']
E#/E,"['E', 'F', 'A', 'C']",['III'],[],['M']
B#6,"['C', 'E-#', 'G', 'A']",['VII'],['6'],['M']
E#6,"['F', 'A', 'C', 'D']",['III'],['6'],['M']
Bm7/A,"['A', 'B', 'D', 'F#']",['vii'],['7'],['m']
B-7/E,"['E', 'B-', 'D', 'F', 'A-']",['VII'],['7'],['M']
F#+,"['F#', 'B-', 'D']",['IV'],[],['M']
A13alter#9,"['A', 'C#', 'E', 'G', 'B', 'D', 'F#']",['VI'],"['9', '13']",['M']
D#7/A#,"['B-', 'C#', 'E-', 'G']",['II'],['7'],['M']
Em/C,"['C', 'E', 'G', 'B']",['iii'],[],['m']
B-m6/C#,"['C#', 'B-', 'C#', 'F', 'G']",['vii'],['6'],['m']
A7/Eaddb9,"['E', 'G', 'A', 'B-', 'C#']",['VI'],"['7', '9']",['M']
F#/C#,"['C#', 'F#', 'B-']",['IV'],[],['M']
F/Aadd9,"['A', 'C', 'F', 'G']",['IV'],['9'],['M']
Cdim/F#,"['F#', 'C', 'E-', 'F#']",['i'],['dim'],['m']
Edim/B-,"['B-', 'E', 'G']",['iii'],['dim'],['m']
G7addb9add#11,"['G', 'B', 'D', 'F', 'A-', 'C#']",['V'],"['7', '9', '11']",['M']
B-m/A,"['A', 'B-', 'C#', 'F']",['vii'],[],['m']
C#7alter#3addb9,"['C#', 'F', 'A-', 'B', 'D']",['I'],"['7', '9']",['M']
Gdim/A-,"['A-', 'G', 'B-', 'C#']",['v'],['dim'],['m']
E/F#,"['F#', 'E', 'A-', 'B']",['III'],[],['M']
C#add9,"['C#', 'F', 'A-', 'E-']",['I'],['9'],['M']
D13/Ealterb9,"['E', 'G', 'B', 'D', 'F#', 'A', 'C']",['II'],"['9', '13']",['M']
Fsus/B-,"['B-', 'C', 'F']",['iv'],['sus'],['m']
C#/B,"['B', 'C#', 'F', 'A-']",['I'],[],['M']
C#/B#,"['C', 'C#', 'F', 'A-']",['I'],[],['M']
F#/E#,"['F', 'F#', 'B-', 'C#']",['IV'],[],['M']
CM9/E,"['E', 'G', 'B', 'C', 'D']",['I'],['9'],['M']
